level of pollution,smoking status,presence of cancer,x-ray,laboured breathing
-0.02033179174029358,-0.07284962260364039,1996.5745869080467,-980.2766383969008,188.89553832572398
-0.0944508324920377,-0.09894319465841145,1996.6318881312998,-980.3036263019945,188.9408168334519
0.09838758852886362,-0.07060981824782674,1996.7327077420666,-980.3653202279714,188.8337933728638
-0.07303771647529184,0.08048459376982672,1996.7325928801322,-980.3173910265107,188.80948847733404
0.04262688505719406,0.039731761137787314,1996.576445706053,-980.3085564251109,188.7503172029397
-0.08597988430032538,0.0039177666437138214,1996.6201464093967,-980.3447348706353,188.76487560520692
-0.08324605205905034,0.03109732357724254,1996.6715557878204,-980.2927886711931,188.8244662933344
0.06200610585195143,0.08828075178117431,1996.6978132382799,-980.3412809620735,188.8114764431433
0.030164210872348746,-0.07695137495601784,1996.7693759952579,-980.4128778945562,188.86631440849158
0.07492092181458285,-0.06586756102356867,1996.7031282593787,-980.3679477560784,188.93038250396435
0.05907374560458539,0.012898172001925556,1996.609689231659,-980.3279373161797,188.82046251047126
-0.03374163353799531,0.07389282862863972,1996.713795448864,-980.4020718244556,188.80460389282908
-0.05759017114962872,-0.08797866908324857,1996.669798708033,-980.2881991836994,188.76338627575868
0.08422322412469083,-0.06624973067810905,1996.6235243068877,-980.3031606927478,188.7977755489508
-0.05125825832318623,0.0686554261994278,1996.6306594749567,-980.264587289878,188.78777646607705
-0.017525207665597356,0.0606007681633359,1996.7178510548538,-980.3360657514503,188.9136271864097
-0.08488598414418097,0.000743965131954627,1996.6082914827587,-980.3962874289423,188.81111200935962
0.06400264279375575,0.008170950418553063,1996.7578097561818,-980.253190598898,188.77218167682682
0.08664225068277073,0.0035860461919420272,1996.7292433530954,-980.4038329954802,188.77770118088915
0.06470657747657083,0.013384869495927182,1996.581780755858,-980.3624542569879,188.7960056472054
-0.05429896841786122,-0.04288408123670626,1996.7613522235822,-980.320586537297,188.89545271861795
-0.006482180467575288,-0.008867167848652005,1996.6837164212252,-980.2354456978069,188.90238425282848
0.03270417860333921,0.07663213335955116,1996.7727628259358,-980.2526935603026,188.79787811624337
0.09260959753436365,0.02663849271128832,1996.6469678353003,-980.3172588161428,188.90182038277408
0.05849882238607848,0.08337642559882416,1996.6944228591565,-980.3059956522882,188.74253510477493
0.060646511889568516,0.024602511949678066,1996.6540954508798,-980.3759019075407,188.80385172420964
-0.004974455714907622,-0.05845791441595005,1996.6436170477448,-980.3308687205481,188.84302391453514
-0.026599709573023225,0.081806422176715,1996.7612432330648,-980.2848682978819,188.7487969644334
-0.04344393191747536,0.08490509832852625,1996.7502696412723,-980.3856333123712,188.78741074200752
0.07751520083651944,-0.07026348771617408,1996.7028269293753,-980.3516312568577,188.79131658088164
-0.05275078077686046,0.06310719462495226,1996.6544463178159,-980.3137956803691,188.86553626917723
-0.0007663858506732624,-0.09617481501467338,1996.6341790353654,-980.3150762845382,188.90212684345295
0.04692510978764375,0.0320094010028632,1996.6815620341126,-980.2804344749733,188.8071921997061
-0.04215374680969102,0.0994186663374576,1996.772052304521,-980.4076126216343,188.85796346515752
-0.002665866274495679,-0.08709676034282264,1996.6480819473757,-980.3800837734132,188.88293195939417
-0.0310066825797249,-0.04182922778517968,1996.666837306059,-980.2499062466924,188.83915469396047
0.0727601803832352,0.03061008038162366,1996.651113773515,-980.3881730575563,188.90795652035615
-0.06604872685210819,-0.007414829466367817,1996.5811045801247,-980.2534594417801,188.74632926689108
-0.022329644888267428,0.09354494600227561,1996.689074608002,-980.3354332912314,188.86096891870105
0.08627221912194591,-0.07137714603892109,1996.6181463936134,-980.2421627906537,188.79968795962324
0.02242213824083787,0.08970314699484869,1996.605782811712,-980.2336786052623,188.93839190879768
-0.09634676738984738,0.0374217664042219,1996.7033509350981,-980.2795632902045,188.79257386503465
-0.0630868846061424,-0.026078956171305442,1996.7033084288296,-980.4163252276576,188.80898456655515
-0.003206293392691212,-0.014051182161404177,1996.7648592246164,-980.330507865504,188.89887019763088
0.008629460235037148,-0.005950313094595774,1996.7213381482857,-980.3537869740239,188.78741714447096
0.024499646399168795,-0.039139724352335065,1996.5993470721999,-980.3386003595336,188.78658574378886
0.025105798281146396,-0.04628275231184971,1996.6921465115172,-980.2715788104828,188.75463129009702
0.04964714389014985,-0.02102450189856306,1996.7638068074828,-980.4195964910184,188.74797406896838
0.0018736180107177536,0.014702743939674148,1996.5850111736868,-980.3525329889446,188.82066583120283
-0.0708681747511631,-0.09425414048436098,1996.7634250071894,-980.4210131028881,188.82897402852635
0.025802015844843817,0.06831882172200296,1996.6077203485788,-980.317635877017,188.7450948549061
0.08539024865277217,-0.08392391441502478,1996.6531278809873,-980.3742831140971,188.89118137037224
-0.07435500532197031,-0.09377404423150773,1996.6410301621722,-980.2940254294838,188.90575558975195
0.013723962691834027,0.0826475526322819,1996.736491094099,-980.3455361359643,188.76333176300895
-0.03465597097200726,-0.010719913433496583,1996.691660449466,-980.2476697364452,188.86909480854513
-0.053607593881289106,0.04886977354814598,1996.684254191047,-980.2326638272586,188.92936354830528
0.08928784287267852,-0.07845721925894843,1996.698274758457,-980.3436980908871,188.82697261675867
-0.005390631086281794,-0.06923593196139465,1996.6205219547078,-980.4306560621893,188.87236558953228
0.04829120604005949,0.09096186907123413,1996.756063972393,-980.3996879944659,188.9194410249879
0.027437254248005694,-0.09933225260947243,1996.6702980247844,-980.2944862300767,188.7496035071051
0.013056953731870574,-0.035374582363505144,1996.7619605408834,-980.2947417553448,188.88202090331842
-0.08549364804942844,0.015867589942931,1996.7342896687558,-980.3069800997824,188.84871947719674
0.04680048628275296,0.02259268758035271,1996.6130605234507,-980.2665708173639,188.79174556968832
0.007977773067823477,0.01170167969485833,1996.7138877569525,-980.3165739411796,188.93145057757897
0.005845770925472338,-0.06013334824295202,1996.5998118263103,-980.4146463778425,188.88938768669604
-0.05727184316597607,0.0940991630069575,1996.6558865235734,-980.3146163859527,188.8506387022354
0.02572829935323634,-0.06838523035290608,1996.6668918681507,-980.4039360992119,188.7486700191421
-0.0018883721246578389,-0.013410429045911679,1996.753142151391,-980.3219247880144,188.8140858721361
0.0034058676256010917,-0.05655803963222261,1996.703529189551,-980.2821554351916,188.77554289840333
-0.06907242936338223,0.07162443161618273,1996.5999939394376,-980.3265987370019,188.79754486230735
0.03926641028357947,-0.0008455038682515098,1996.6466149148446,-980.2822257879823,188.78463725215343
0.03524905121330191,0.06250560107952755,1996.6741964759356,-980.2889558191949,188.90844199081246
-0.08261183468683164,-0.04575049245245027,1996.745921988124,-980.3801767505689,188.81167763840725
0.09222351600527137,-0.012181801454101596,1996.763504910301,-980.3684663108024,188.86823743479465
0.06852877595005155,-0.047545593290397585,1996.5855712722466,-980.2526554355447,188.74216051495034
0.02598555970491251,-0.07659620583588048,1996.6647695953102,-980.3238368926342,188.91502286709724
-0.09479566322762499,0.07124632375922998,1996.5751293065678,-980.3549271381754,188.8447513806505
0.015111644411340303,-0.0968743823435605,1996.655138377097,-980.2329945282879,188.91102023140192
-0.010300803683829948,-0.002766771359015846,1996.6451356800155,-980.4088291101523,188.82669303770254
-0.07679948931646761,0.05311361673896553,1996.6943274895893,-980.3672137315376,188.91975792854765
-0.049350916695691874,-0.04441060070977725,1996.613022315473,-980.4038806006632,188.76767368515883
0.09506058348854982,-0.06350825036492747,1996.7297461231767,-980.3790871153607,188.8061210097178
0.08874651418405419,0.07469549291075409,1996.6329768540675,-980.3640988612296,188.820140491387
0.068196223348964,-0.07740524829711147,1996.6804467587672,-980.3772851438389,188.87025573723483
-0.0996798240959558,0.08652638567629711,1996.6902527838406,-980.4126814777919,188.7929263686456
0.034036185879394276,-0.0620383417357375,1996.7163430754606,-980.4164451524417,188.8990718021019
-0.0016000781866417207,-0.01999034633803609,1996.6278603001194,-980.3883606882504,188.83559763207958
-0.0187148021338351,-0.06798210242471595,1996.762338165307,-980.4142010448945,188.9192286735647
0.051527016269854786,0.056804668652775864,1996.6853469492441,-980.3609941122994,188.88630736553245
0.03192101572230535,-0.0007495065476890855,1996.729526751275,-980.3275908939468,188.84955916429655
-0.06208877256538543,-0.00345003044204599,1996.61274295679,-980.3250447056288,188.80946984143515
0.055447666709699334,-0.09209774428550653,1996.7265626768074,-980.2553557713671,188.87055226782496
-0.07508646113080153,0.0631622108084531,1996.6389597975403,-980.3228138477773,188.91210774004307
-0.09366685274655606,-0.060796266068603916,1996.650258627074,-980.4216933723446,188.8898607352199
0.07777790376191882,0.008807860538678436,1996.716274016917,-980.2996497884657,188.88443924129749
-0.08437484182375195,0.05423966420726051,1996.581576738541,-980.3906008936781,188.80370256812878
0.08710807440092316,-0.048562605375705004,1996.7024047775137,-980.301781088511,188.84605423990425
0.04338189584443025,0.09489153240384349,1996.7026551550682,-980.336650859662,188.93964862582274
-0.09473067863321723,0.03151865105009519,1996.615140042596,-980.301501767819,188.86568706429279
0.017651022323230972,-0.024663306746600624,1996.7553329716482,-980.2779719800004,188.85830638877138
-0.01518432924933874,0.08349559483687427,1996.6311235393691,-980.324595213809,188.7641493517511
0.08519218748477797,-0.040031356794041954,1996.6059317264653,-980.3990402492634,188.8038968068777
0.06419380254971305,-0.08728485671257998,1996.7537031289194,-980.3347795743233,188.80095560318347
-0.0780865058278246,0.02411290575179706,1996.6088720782147,-980.423924355474,188.82854753751525
-0.04527425448227802,0.03706854216326011,1996.6654897478795,-980.2718367905951,188.81339634745814
0.0869197201874993,0.07772434759470626,1996.6408843442077,-980.3599495470374,188.75786917091636
-0.07448482029880861,-0.09532407060442763,1996.690464140865,-980.3261357487542,188.7586996608685
0.07946735153378795,0.0004891038678862814,1996.666953093988,-980.2399603629658,188.74471984808002
0.021033397220685576,0.04441347574695326,1996.6804511288403,-980.3676411616008,188.9326056104125
-0.01990211450746293,-0.004085321607521203,1996.6815213175273,-980.3301155667333,188.87243596619751
0.05577828186528552,-0.09660304306599608,1996.7309804124827,-980.4263192656184,188.81898225404598
-0.004246127841917496,-0.010617063035382832,1996.7088538997564,-980.324333993769,188.87047296859146
-0.09158916608074748,0.07322913647302023,1996.6533410613313,-980.244018268357,188.7484001333672
0.030878401563577462,-0.07193440879966706,1996.678385780557,-980.3961470800491,188.8401913345853
0.09572705836086645,0.054957156724493667,1996.7678236670558,-980.2925138725551,188.8171073070927
0.08985706066188365,0.015321437276039185,1996.6357005134869,-980.3512177251637,188.82382579095128
0.022727834410666614,-0.0974511987023899,1996.7392445543917,-980.2800135783755,188.91068713759248
-0.06832179836620128,-0.007908886671131987,1996.603857666036,-980.3052593561105,188.76470452360496
0.03234199551564215,-0.05197900608491344,1996.7340255440993,-980.4268117170034,188.87646974176994
0.08257157377260951,0.09722122431664254,1996.7628919947474,-980.4160792396583,188.89060664367517
0.04684776395952869,0.03375417192313254,1996.5919131259582,-980.3565984940467,188.85349400311534
-0.014323166572084878,0.0758319351563995,1996.6361015223697,-980.3776099253274,188.92967899031004
-0.08642113384807103,-0.0574100281450795,1996.6970336485101,-980.2916316844488,188.82422413787958
0.02155777091531612,-0.09447777482759621,1996.697178529552,-980.2758816384185,188.86956348477008
-0.0866874953335126,0.04987810219312708,1996.6018349883354,-980.2415668414164,188.88482028461368
-0.055514519544218155,0.0681252460267556,1996.6888677387874,-980.3986205791878,188.91664570984656
-0.09130968635320652,0.042415916121708475,1996.7007189454616,-980.2323175868942,188.81561821249548
0.041568580905245844,0.07681003492644267,1996.5927843005582,-980.3097203806994,188.8282832340904
-0.00018053509526957945,0.05198988968505078,1996.7718478463364,-980.4045566310357,188.85141558676133
0.0976539727445754,0.020224229163108884,1996.642326664281,-980.2774332091822,188.93414580756743
0.008192437533583716,0.09130245758566757,1996.6104388925091,-980.2969988115542,188.83438916073425
0.04323151632603625,0.013018770408195504,1996.7702503808623,-980.2812948339176,188.78745718272822
-0.005855170973449522,-0.09063111982456651,1996.60975242483,-980.2726929525849,188.92265969383996
0.03535109682464235,-0.0956566210411667,1996.6522818720896,-980.3007296167948,188.8748931900971
-0.060527453323675554,-0.06374327477293343,1996.6971147748725,-980.4279616899719,188.88843770175646
0.04256783846722942,-0.025854797621648926,1996.638154123675,-980.2946047135675,188.90031643150434
-0.09642110586094643,0.06669101912478217,1996.6746246755206,-980.2479907436588,188.92293128653492
0.09032357789170006,-0.08630204431448207,1996.7474902935019,-980.3044194697767,188.75399775315663
-0.04266417377026188,-0.06075888567114576,1996.6304312239256,-980.2402223592227,188.87065363668202
0.0007790841369738899,-0.05536163080663364,1996.619934666959,-980.3558611136566,188.9215114308911
0.03858255136440411,-0.04549122628770428,1996.5908247934397,-980.3727612800787,188.87558944687117
-0.022236655507379036,-0.06818727190214527,1996.6259927136405,-980.3571283379571,188.87924395810808
-0.01964811189510604,-0.0071496033248251295,1996.7727816724823,-980.2689976083169,188.8560743010556
0.07477497189929838,-0.07931138544473354,1996.6376867450983,-980.3572955990711,188.92901953172392
0.05028553851655029,-0.06207897555089046,1996.6753791787205,-980.3656286936009,188.7993220689952
0.010017754213076574,-0.022280547791263164,1996.7624583507697,-980.2631223519375,188.77790293784216
-0.03035469828545294,-0.040324880337690085,1996.7651070128136,-980.3635144210939,188.7453269479288
0.02423824292694425,-0.021881012414365825,1996.6406426298136,-980.2843902007313,188.80865174652635
-0.02365382499574531,-0.043432414583034644,1996.6324376617074,-980.3589459467689,188.93012678962634
0.05257477145459338,-0.04041565754337435,1996.7267289670617,-980.3147341200489,188.81684335690508
-0.03173314904664151,0.022271181303204046,1996.7312029347593,-980.3773060100594,188.87885072548116
-0.05139660526325181,0.02102572746395029,1996.5895280864247,-980.3986206176808,188.7816522676659
0.025616612974263347,-0.07274330258090084,1996.6646438364046,-980.3899761992591,188.75647657413018
-0.0568726415206654,-0.01967750221454967,1996.5752749744029,-980.3075452162177,188.84615517790385
-0.09117436533414672,-0.09011599434113933,1996.6640658322801,-980.2559527699084,188.93663423906602
0.05409728509498471,0.08790437349999564,1996.5728471380733,-980.3486143980049,188.7500163678816
0.07796247532076825,0.07768204795811615,1996.658830264342,-980.3670703398374,188.786957487411
0.006832707094708262,-0.04685890561357356,1996.6936536421408,-980.2455204518128,188.78465825797363
-0.06581325903004871,0.02029855879145248,1996.579596834336,-980.408633659984,188.9346869662673
-0.0012792194573670035,-0.0027171533009250765,1996.5798498737356,-980.2976536676482,188.77292775765815
-0.046743178167073476,-0.03784196088214669,1996.704505718734,-980.4106486408016,188.79415962836828
-0.05019856277209936,-0.02066103961036081,1996.719980474049,-980.2659935551216,188.93145210388695
-0.06927350552675414,0.08815869652090397,1996.5892913778468,-980.2450087935432,188.91017375698823
-0.014265865047248888,0.08442179188778715,1996.7059321499942,-980.2858708962398,188.87023808034076
0.0723372251181556,-0.03001771537023823,1996.7082699489238,-980.4032358690395,188.77380955216873
0.017221012258615054,-0.02735349071937468,1996.6371718167418,-980.3415712763338,188.88090712038138
-0.05711035866068814,0.07180264420977348,1996.6087790866286,-980.3089054158487,188.76472885480317
0.09306933420625754,0.09870395593919587,1996.7505607842909,-980.2563456570609,188.9018605590979
-0.0663859121194485,-0.05918706751909271,1996.7051558234805,-980.2755785193142,188.76254483029317
-0.04387125242772399,0.0573034729645118,1996.714892658217,-980.3275037606277,188.88915095668492
-0.04618905667424322,-0.056313121234323193,1996.645025408693,-980.268952615007,188.8484187425571
-0.009291290275953878,0.010719527117559816,1996.7031081831597,-980.3282382010785,188.79612777415923
-0.02058433164820024,0.026285341726335093,1996.6598082813118,-980.4078729305801,188.88582605207023
0.025268626141532885,-0.0790188980749561,1996.6395084042606,-980.359731531339,188.74416697259593
0.04809883488013572,0.018214062972722184,1996.6261888835845,-980.3677531692351,188.92730045440857
0.03279210100642896,0.05532752247754058,1996.729816782072,-980.4143501825122,188.83406052688852
-0.013221542585571094,-0.052693486763642966,1996.7287218295419,-980.2747567581033,188.79780110887341
0.08516111520341216,0.07235242959641525,1996.5975710798496,-980.2630903293875,188.8731083369533
-0.06513254976204504,-0.030218504305116398,1996.7076438112479,-980.4192193564926,188.86357551861212
-0.005669805756708127,-0.02896101952091916,1996.606883916037,-980.2995564846053,188.80214398605608
0.08839968092121839,-0.05212030628199571,1996.6843753185722,-980.3309047155115,188.92028577784936
-0.08520657798322057,-0.08072148688057319,1996.7036762835585,-980.3364939922224,188.78981314591167
0.099595331103661,-0.023181909799312644,1996.7600604516363,-980.3063607153123,188.93465582907183
-0.09243017716946947,-0.054409835915616614,1996.6477800596003,-980.4019933416937,188.7822146154764
-0.09975643321800193,-0.04474866349668023,1996.73219210619,-980.3216361206167,188.78044761757215
0.032068359306684585,-0.020760938943128,1996.6280047509235,-980.2475596822874,188.90575923946022
-0.04197048780292321,0.009900668409751706,1996.66593064571,-980.2912825198206,188.75002332482933
-0.06376849396919249,-0.04831926352214442,1996.6462351060243,-980.4096395316212,188.8716526074219
0.07362944351305264,0.021178401890546317,1996.6670846781005,-980.3463587929228,188.77864935838204
0.05518528650278154,-0.028385275485092717,1996.6589549741707,-980.3943364972033,188.9370989814735
0.009872595852436536,0.02478642254121448,1996.7605636514588,-980.3710701367941,188.76055417155837
0.04050130332929086,-0.08631661963908027,1996.6082880686508,-980.3383394911331,188.93589436960784
-0.009668495633830834,-0.06209111011789279,1996.6244911392741,-980.270477221961,188.85501596313492
-0.06481490372953332,0.09900360172182507,1996.7338305129213,-980.4141273796624,188.85940875879587
-0.07278019162505026,0.007944277117598791,1996.722237749566,-980.3787670886691,188.92827564940495
0.02616441535188921,0.05227315709832392,1996.676931969717,-980.2798095202123,188.89888380358718
0.011539530322832309,0.016539958961190357,1996.7367527569563,-980.2926391312913,188.93242853631446
-0.09589615060660149,0.008143498179574424,1996.6499484625474,-980.31575677489,188.9247281685119
-0.06586241461799688,0.011513462264281252,1996.6856472482043,-980.3490917619565,188.79611340977317
0.09616233245578135,-0.020551178592765604,1996.6459134071931,-980.3256392422657,188.77795991080353
0.014883464751704961,-0.03760794608456746,1996.642449465537,-980.3296167961443,188.9308438781363
0.04248564227983406,-0.07470180067449848,1996.6101456606164,-980.2336692654789,188.88491245485335
0.09072436993978009,-0.05480169544082447,1996.660600479028,-980.2558452295375,188.93712248598646
-0.09723817002888602,-0.02674790252826205,1996.6887387115376,-980.3761247820089,188.81716968048065
0.06390482962400021,-0.004993640888757311,1996.6798947690959,-980.3115344665175,188.87805980502222
0.034414720930582315,0.053573398393194,1996.7727082766783,-980.4211802992617,188.7638683815844
0.058207516464588854,-0.05113195317292601,1996.6211486854374,-980.3284093729199,188.91951148552425
0.09699766802536211,-0.0004984722439583533,1996.6192152998096,-980.3748536116416,188.84557862502183
-0.015757329055329297,-0.09818371184370026,1996.580781034582,-980.3184971761766,188.82931628649436
0.00021936895988564076,0.031000048312539025,1996.611753454441,-980.3218880050724,188.8524809254134
0.021171607991504485,0.0396182310550563,1996.5752222729884,-980.4298313278185,188.93151493822197
0.0500209004346972,0.0010603960249278843,1996.7483423778585,-980.4297097178015,188.81411263074995
0.04619430356277107,0.02099703362345713,1996.6337630718053,-980.4079784092373,188.85478885103626
0.06369011385602691,-0.04753704329093751,1996.7569190358445,-980.4300025210687,188.87125903522943
0.013528422957107725,0.035676231805340713,1996.6621934400332,-980.3647882453437,188.76036868006634
0.015183328392174844,-0.060302181570083206,1996.6953886297015,-980.2527016590489,188.9011638600159
0.02240962644194544,0.07650538650375799,1996.680154835281,-980.2973344577778,188.8764844482144
-0.009675017821030904,0.037872538710408216,1996.666422368597,-980.3259378057523,188.85822036528117
0.02406040505329847,0.08578988002372143,1996.7449564684298,-980.3017271549471,188.81030682433573
0.03796878512575111,0.043422372791134395,1996.6565176418683,-980.2345252877051,188.89959842369097
-0.04480639870390257,0.03750682814442147,1996.638678344231,-980.2569532118855,188.75593472462506
-0.029933606549518196,0.04805321493299297,1996.688194229397,-980.3742630817259,188.9327830258599
0.02389479622386148,-0.028290681071623913,1996.5729088079354,-980.3335808113274,188.82247923651164
0.07372160189717411,-0.06507228167600498,1996.7209195725025,-980.2786748463176,188.87532570037624
0.007128296257595437,-0.09754242237416094,1996.6104053632366,-980.2434811644356,188.7950412977859
0.05802855086244835,-0.015379888191680124,1996.6141072979974,-980.32459975568,188.86107248683675
-0.03153510879289166,-0.0835908859386849,1996.674800368287,-980.2668111819002,188.8137272617973
0.06279638866633891,0.07598828650470663,1996.6264186618384,-980.3295976041611,188.75261578346516
-0.07841198413490201,-0.06682005824019717,1996.5784463709613,-980.4081436429448,188.74309656353532
-0.02810759133074335,0.06430389757987565,1996.6065667267692,-980.407799632337,188.8481740734223
-0.06710803541055343,-0.006310624478685314,1996.5825371232795,-980.3069934472159,188.7881182352587
0.07183495010599728,-0.058372683219488034,1996.756941256033,-980.2529776150894,188.84338592194004
-0.08179002095266541,-0.013509665333355805,1996.7314411405007,-980.3795996331172,188.89422420829277
0.051039254057428124,0.0244950303744272,1996.6097603685528,-980.3248675234754,188.74784465296273
-0.09799165604878708,-0.03946794023105165,1996.7564090314665,-980.3085194860164,188.88388819752097
-0.028498975692029485,-0.04401358328340637,1996.6162959284993,-980.2439335554384,188.74538994457816
0.007963873532782759,0.05472157164516214,1996.6189669934645,-980.3573141031384,188.76587414506412
0.07228149824720301,0.03505465532398927,1996.669068357383,-980.2608483857992,188.88344690648384
-0.05332061141659042,0.0046040293562329,1996.6036769123855,-980.3454418236618,188.76002857466352
0.05569741893969235,0.014139212747457885,1996.752396017434,-980.3587143230203,188.8090511664822
-0.08491679685513054,-0.0809887632602317,1996.6101226425294,-980.4273615759381,188.87820580566546
-0.02717222758348041,-0.009490681305796417,1996.768229056446,-980.3484072940731,188.86156582173396
-0.07043849863662313,-0.004571160616077097,1996.5794069144226,-980.3659944867526,188.89522540036123
-0.028257316537121047,-0.058340307273986695,1996.696449449208,-980.3037491007581,188.74452557472455
-0.0535031205082313,-0.08612074281285326,1996.723256319814,-980.3476347717734,188.800635763914
-0.07300153056720787,-0.06988167587198323,1996.6807448339455,-980.2494581429258,188.84400203414535
0.09285808103130255,-0.08958700511569029,1996.6880119322052,-980.4219732616708,188.85543971606216
0.09287479592140255,0.033818968703323016,1996.752400193426,-980.2379757710517,188.75977824983508
-0.07425794721703655,-0.04577170241022066,1996.6686086696202,-980.3488010146492,188.87919320247588
0.04812613229302415,0.02835118408269055,1996.7133942716775,-980.2600222984918,188.83784825189454
0.08340064347303444,-0.06958393611042696,1996.7096447172084,-980.2325198303888,188.87678333196823
-0.0478796432093507,-0.09600137339207218,1996.6549383681358,-980.359428904382,188.82367722443422
-0.011607607350184915,-0.008024075965421387,1996.6752253828797,-980.2724939158319,188.75464173680805
-0.06200280102744844,-0.016663606527210925,1996.6061643457656,-980.2993952753584,188.77709816155806
0.06558039745440919,0.02144684251609144,1996.6038982998496,-980.3422077933149,188.8247282941291
0.07217713343114965,0.014816657098415328,1996.7126869450428,-980.3582022940826,188.84281819360842
0.00469171062972569,0.06584735232374334,1996.753583327852,-980.3096661749773,188.81031292259843
0.06691569658084523,0.056048149648677326,1996.6284640055226,-980.288618670861,188.75874815668922
-0.09905739297574212,0.024654297305827272,1996.7703231318362,-980.2344970535521,188.86258560477808
-0.06129798829480313,-0.07416942406178595,1996.6004303093403,-980.3072779714141,188.77020333224647
0.07745103718868399,0.0414107500696157,1996.7570765186556,-980.2804825895257,188.91475908436087
0.020904432001914275,-0.05611918502215296,1996.6750435885979,-980.3300776341007,188.83497972110544
0.040350146180103436,0.04689428337837284,1996.6045185677374,-980.3584065182145,188.90452106437417
0.05744077191416738,-0.0016863733753570143,1996.6714579205686,-980.2379872538424,188.93628966366305
0.06223930754063861,-0.08603021997524532,1996.6613701160127,-980.3165330802461,188.8633897419137
-0.0052593621971809695,0.05088060723445101,1996.600438246807,-980.3652079208059,188.88787846472528
-0.06500814027900317,-0.058404491547504316,1996.7169793613234,-980.3336503526612,188.7665347954865
0.047217613316248574,-0.04764386281283877,1996.625226728768,-980.2553717987798,188.84900943712006
0.01859638576829152,-0.055390766489642966,1996.6606735581347,-980.4174959060916,188.80250444370026
0.04794751350025228,-0.06462212860216171,1996.6397401226268,-980.2422984198104,188.8727061304763
-0.0929687961220453,-0.026422192184662158,1996.5843351415836,-980.4265197775835,188.75616658613342
-0.039551530675231344,0.0680316728556635,1996.758152622288,-980.3795502224503,188.84000060545338
0.07311296134257525,-0.06053631488023739,1996.749679326229,-980.411110033069,188.94057855066893
-0.007978073001669153,0.008206601105718761,1996.6050421582343,-980.3725696356828,188.89780848967033
-0.015599178232488436,-0.08169390272028515,1996.5861889451278,-980.3986510552936,188.89573697903356
0.05029021871708053,-0.06372286847395645,1996.612105719624,-980.2902215914032,188.8729306870891
-0.015858042020319124,0.0352863044731776,1996.5886063732491,-980.2768808453856,188.78661065912064
-0.005268482857266624,0.060884745313352584,1996.7518923292594,-980.3585179472555,188.8998383063908
-0.07109392221824747,0.06210392459082739,1996.7590989924238,-980.2468176085323,188.7771136205555
-0.04571735695930601,0.09559458789937386,1996.761298610347,-980.4103361736072,188.92980578219664
0.0068353406190439225,0.08164939426620083,1996.6654883948029,-980.3181874115485,188.801647107956
-0.0017003012069937568,0.06664884062023513,1996.7232830036246,-980.3520268575144,188.74687905842822
-0.001141261935457466,0.08172866413776056,1996.5779471044195,-980.3788305549166,188.87073563030282
0.04609201425626608,-0.013458847954270284,1996.7633706809504,-980.3236077180414,188.79777698526283
0.02783214166669562,-0.08887735323485282,1996.6045634358443,-980.3066443803352,188.80248115560286
-0.04217871659400266,0.014075517646070929,1996.7534228105853,-980.2960931881685,188.85952555747104
-0.05865795842063,0.0776224696901052,1996.7440668878285,-980.2594270362143,188.7970460973959
0.08997615004393758,-0.00122701752204038,1996.6081211238536,-980.3258485091956,188.75683195732256
0.06243375066279985,0.012751506549407307,1996.70097694338,-980.3894133878827,188.77726469737058
-0.04066290037783402,-0.06148150025490853,1996.646028623808,-980.3941694164763,188.79703895973586
-0.07958809379756532,-0.08109901548709515,1996.6763954614055,-980.4106464864049,188.92725352911316
-0.08667554442412413,-0.04499005739226043,1996.725185122403,-980.4032470350123,188.92064689030892
-0.040811413266351695,0.0942858210181797,1996.6510708758078,-980.316492136426,188.92072320493483
0.047189662765971474,-0.015285434467626285,1996.6270917187073,-980.3412226970653,188.87535647507048
-0.008857570741845525,-0.03506469874642704,1996.6459542294838,-980.2932431903166,188.8891661345889
-0.07803793012758944,0.013151707569277596,1996.6278815286573,-980.2567148252823,188.81148426387008
0.006024773168707753,0.06850067001207322,1996.7305848776289,-980.2754522898291,188.7859587084552
-0.003765757809186837,-0.01740242261861495,1996.6005549795943,-980.2477756038603,188.89379517580483
0.09614320361317905,-0.02088983788886993,1996.6142640472926,-980.3782905181098,188.84835569414838
-0.018843701545045707,-0.04380325662409164,1996.57799211897,-980.4271296617954,188.89802078755977
-0.08848139755615898,-0.07466030986342015,1996.7580316122662,-980.3355666643296,188.79733145803806
0.09192712013135884,0.00801457847494405,1996.7199626421855,-980.3150355109018,188.85917053860138
0.022917219335086655,-0.08897290828208076,1996.6810675073068,-980.2425919155843,188.75440185589034
0.026976826082666244,-0.0811261945769726,1996.6510589689503,-980.3783587974776,188.89010023136598
-0.011688457989903742,0.06679988675438545,1996.5958214114125,-980.313947664655,188.9384026958738
0.06145320245907057,-0.054172504324103546,1996.6194923210708,-980.417712284391,188.93402216535335
0.07730350390616136,-0.0041762257042790435,1996.605464774571,-980.4151120607995,188.851828863461
-0.024879001669026984,-0.08433569553049634,1996.6076126146297,-980.3637613966082,188.8214533384548
-0.027345751850209404,-0.008662729475052935,1996.6123451436913,-980.3804363057999,188.79393949529648
-0.013612441711124301,0.05045186271173338,1996.6069027011774,-980.3631393289637,188.82614439290515
-0.0046800572125586665,0.020711456339501805,1996.6306447405511,-980.3143995909289,188.83270385403438
0.06541110483006468,-0.01547602188247968,1996.6312680598314,-980.3557161688468,188.857658857312
-0.08162176337865475,0.014304726176517263,1996.6641202747196,-980.4039555605953,188.7791455764702
-0.08875269225489052,-0.033907173477000604,1996.6926832570807,-980.4049179386583,188.80161247346385
0.009509922948877175,-0.08318319030159327,1996.5883864784896,-980.333154418137,188.91691223831944
-0.08485863764219484,-0.0007359263022018309,1996.5885597650833,-980.3081852324434,188.86555040380463
-0.05674210894751506,0.023485923057672206,1996.7014169090273,-980.4284991821635,188.86200308518164
0.04569074788047822,0.06453718803722899,1996.6497707738772,-980.4220860908069,188.78597719650048
-0.03542755990026199,0.07731262974323244,1996.712205770437,-980.4282094881048,188.75281545314803
-0.0947310670936421,0.08576489611593735,1996.687100884162,-980.3532401465136,188.84958655320418
0.06230109370759354,-0.09537921120515779,1996.7294419916198,-980.2655866953459,188.90646243387684
-0.03627569910704982,0.0957903973400894,1996.6758724019753,-980.2540259255846,188.7899701958592
0.046704236113222775,-0.06492281375459935,1996.6436091523299,-980.311577784619,188.78026913819494
0.037437605463254975,0.01268170905659731,1996.6557072541498,-980.280719469178,188.80479460068622
-0.037293135200977545,0.049036979136112296,1996.5970257568767,-980.3673437280718,188.91876338930487
0.032550123376085954,0.04060706082699325,1996.6437718704942,-980.362622230016,188.8036543992103
-0.02533839964139302,-0.01807844055887267,1996.6579077621066,-980.3020659259761,188.8242920362722
0.06497136635516565,-0.01537856395512456,1996.6133637831047,-980.3520425654328,188.8269729811304
-0.0063418281514390495,-0.03690933808239194,1996.7653099457737,-980.2368493366736,188.93566896043373
0.01921177211607121,-0.029476244170498128,1996.6202826717215,-980.3027529897872,188.8393546027012
-0.04512402260114581,-0.09863332977947639,1996.7186707396029,-980.2466447791636,188.74135762676957
0.016860186877653824,0.07905844017872127,1996.6668900150094,-980.3258680057256,188.84717919861396
-0.06868386309298305,-0.011729103625902557,1996.7448670214774,-980.289474589812,188.8218460209767
0.057061269776770035,-0.03282265231366231,1996.7622448685374,-980.2445817396884,188.91327554761892
-0.015027484208961425,-0.011337421462633876,1996.6682376691028,-980.3688104798154,188.78812581897068
0.08094586885004734,0.09244023213048608,1996.7712537926548,-980.2740453134836,188.84451791086204
0.047361453015155125,-0.06254363043673244,1996.630252146385,-980.2682948801163,188.88986352220084
0.009550926579640157,0.05309716216367133,1996.612763788898,-980.4248351987784,188.81748472650054
-0.008540205797759118,-0.05257788934808234,1996.6041126815746,-980.2328473831656,188.93193782014083
0.025525249281360712,0.06664325669707666,1996.576410039452,-980.3968454505502,188.7775360249334
-0.06969558083882846,0.08901719623470392,1996.6838769915735,-980.4026100175838,188.8057375145369
-0.04846819371421743,0.05626679939876639,1996.7047433297168,-980.4090301255586,188.74197500634955
-0.0013857931990684802,-0.045331167844381716,1996.7349633245378,-980.3935883731888,188.79783645799662
-0.0502675261848899,-0.09658404618007327,1996.641751328146,-980.396894466063,188.86146236087336
-0.003079925848486084,0.05457892367812364,1996.7610999034086,-980.4002466664974,188.82900686345766
-0.06557598369003355,0.03104940380413021,1996.7497194112339,-980.2600775652975,188.82965353522374
0.0006765472627302815,-0.09795292189940107,1996.6906166915526,-980.2584203713827,188.79899602817025
-0.08303613325950983,-0.024322609147996915,1996.666822534268,-980.3078106938679,188.85099415277332
0.09837412400273399,-0.07515745084021384,1996.6742953097396,-980.2783582640386,188.79067513960297
-0.022881169977896618,0.04772225726717255,1996.7484662594825,-980.4049354133438,188.86805417329222
0.095982754558924,0.04459078191478477,1996.7598787781274,-980.3127653550387,188.84250287464744
0.09124383949175421,0.049134342027654015,1996.65159532968,-980.3097707532446,188.82730060655845
0.0639783895607853,0.02709961847299583,1996.6998960718568,-980.3018618576131,188.8526344341384
0.04615410806100151,-0.05439390607319283,1996.636820707009,-980.2350190321454,188.79765254368687
-0.07658237865674485,-0.03316640046082146,1996.6587969246993,-980.2977713585359,188.8069178290524
0.0921585720846016,0.05901234772157629,1996.7111221565285,-980.3383419736743,188.94099271827332
0.08601679296747361,-0.019645460871297177,1996.6621321344778,-980.2882046694252,188.86830717253753
-0.08472977758235295,0.03207982490242192,1996.720366561963,-980.2362674676233,188.80069281785694
0.07909531533031741,-0.0962491738605684,1996.6286516396485,-980.3448447834415,188.8861750010274
0.01919575790178958,-0.011162839195219237,1996.662546653616,-980.3209595097167,188.89537350193916
-0.015404655282014873,0.010339879424129589,1996.6340289809511,-980.4092481791803,188.91743898660576
-0.08687433733211775,-0.0745916184457583,1996.7568246802812,-980.3240221541073,188.93774965524196
-0.04718730649445897,-0.08246686517927111,1996.6589955841407,-980.3105560843964,188.74966240440193
-0.07816089316077433,0.01524563069541389,1996.71217259983,-980.2990984922059,188.8791999908584
0.08426499425111433,0.09232364391216749,1996.652696366201,-980.3967619640806,188.89755935849166
0.04479580493777141,-0.034674875543102585,1996.6240204381802,-980.2388864607999,188.74409572415243
0.016651116933316487,0.04442606859873713,1996.5800998800244,-980.2337492711648,188.83635085670363
0.06942058195282086,0.0916609828628828,1996.701592547148,-980.4145207683748,188.7417511998038
0.05066503987201229,0.0032808924245630172,1996.5922140148627,-980.2871848212775,188.76196148971565
-0.0666264201349718,-0.09094570479912077,1996.7447816322988,-980.2552696757681,188.7756266227192
0.09998662423212865,0.004165465643935454,1996.5937525990855,-980.2987807247275,188.89708913355344
-0.00821067629055075,0.06460623795429335,1996.6868035856396,-980.2985564965585,188.80932771002887
0.01634165222203314,0.08136216372975744,1996.619524201979,-980.2356897447445,188.80809341461472
0.07826908590408033,0.06627947097361345,1996.6165665517246,-980.3833241892235,188.89937598768674
-0.09924586185295901,0.013768241617904436,1996.5829474295945,-980.2331876224899,188.88772425821082
-0.08117053737401587,0.0229418070715786,1996.652367033289,-980.2604427311693,188.91944317410815
0.07989336119989326,-0.020528275907823426,1996.730122736956,-980.2728406022496,188.8825739565494
-0.07904577436002383,-0.010533735453194137,1996.6214751617204,-980.4120678478614,188.7651394099596
-0.020825719976256818,0.0910710969048881,1996.7317520300342,-980.2886004646866,188.82703826253706
0.06244422303893149,-0.07689942429290736,1996.7069019397372,-980.330910366612,188.84739954103065
0.01321822134716348,0.042744117974843204,1996.604304027609,-980.2430147409472,188.78144180878945
0.03201107302590239,-0.062401226178277064,1996.689081433058,-980.2583903482418,188.79935411394015
0.00483286455375978,0.020386435687127197,1996.6391224254671,-980.2358050194515,188.81796720194535
-0.003473540636533448,-0.04583807207712509,1996.7546144232758,-980.2361278602154,188.77465916025912
0.07822505718091127,0.012588729559491002,1996.745510259372,-980.2752782944837,188.79918047469775
-0.016406541742413877,-0.08182866801638156,1996.651782771288,-980.3298751811825,188.90800655431272
0.0492078512498417,-0.09711185278152334,1996.7189556544765,-980.3486773963633,188.87359921270667
0.06242314597748133,0.019022154695095536,1996.6643483157097,-980.3484842101942,188.91809384962392
-0.01789503908358006,-0.021779717165571255,1996.737901805156,-980.4228801846359,188.8875064961505
-0.055223235719439795,0.015737587269101128,1996.6084930532597,-980.3884811209242,188.79155603710763
-0.05484105265999287,-0.09810690560408988,1996.7180637123172,-980.2333916935721,188.91649029885497
-0.018854869527350646,0.05425560444336089,1996.7376665855338,-980.321140633839,188.9002172244745
-0.08977511663955362,-0.03949756197443397,1996.6520313967842,-980.3827555176915,188.7812816492542
-0.07898454772974511,-0.0892274081608449,1996.577238778509,-980.3483881624207,188.8896710999438
0.03540896619286585,-0.006183209085418112,1996.721517698612,-980.3674833408015,188.83149426203983
-0.043190056500012286,-0.06386214568231616,1996.6560961693203,-980.3182350486237,188.78583494788774
2.834334814035e-05,0.033597622496986,1996.721951802295,-980.3602978607115,188.92615499845334
0.04051405508233097,-0.06936507095219685,1996.5887946167234,-980.2384364058117,188.91371993405232
0.04200719234672565,-0.0873336670052404,1996.5746363082592,-980.282966912158,188.85797589377532
-0.09548037611494871,0.05151391927566934,1996.5937933428868,-980.2720491244808,188.83012035707895
0.09350250775067778,0.0655090261217686,1996.6205558206814,-980.4010946888751,188.88654526583355
-0.0036013760149942453,0.045900618838987745,1996.6761101014754,-980.3555840861428,188.8322330469222
-0.0599561453972886,-0.04573153542923017,1996.6401064666177,-980.314531711702,188.85929521585962
-0.006729966266303358,0.08839893640783802,1996.6713453334855,-980.3272551733714,188.79504840648752
0.028889498504431732,-0.022721425349319313,1996.6920550678599,-980.4086794378434,188.7664121067545
0.08200134498555697,-0.00015695715973426672,1996.7542636118174,-980.2783804051245,188.8605266449988
0.09728401527799699,-0.0768837011742487,1996.7706532992681,-980.2854305940967,188.87676606744387
-0.05363408436271788,-0.01664073835613293,1996.7642818934762,-980.2643708599674,188.76675547584694
0.016380832397798903,-0.010367856652771762,1996.583501832738,-980.3730956044643,188.9336481396632
0.07132686201663938,-0.05949235125816539,1996.7143433332599,-980.2745294596889,188.76997097682985
0.025600530297334806,-0.04632135537853779,1996.691327580393,-980.3186757597548,188.91521698205685
0.08725886783857759,-0.07560616167786449,1996.7269198388806,-980.3064294156355,188.84344844638986
0.040521448027875134,0.01376556440210197,1996.6419504522933,-980.2973282496275,188.77924994211529
-0.07969175771561926,0.0660800756420768,1996.7186905597987,-980.2715719583244,188.80799086356964
-0.08709723127921892,-0.07456362599181557,1996.7504038139339,-980.4123446480979,188.87252672626695
-0.018791406998857355,-0.015825304274868682,1996.606796536335,-980.3824165460594,188.76420217046063
-0.054152427670252815,-0.02088746238027414,1996.7452824164181,-980.3354259592,188.77737756361128
0.05830007870082396,0.024471306512163074,1996.6512485439414,-980.2401367698521,188.875076608776
0.05374627060622786,0.08999108782842169,1996.6009828476672,-980.4277319565956,188.82974095798065
0.011793267806291266,-0.09696540805421039,1996.6577293935864,-980.33514294342,188.81281860958907
0.030762061173976257,0.06796665298355672,1996.6058735090644,-980.4307396276506,188.82577347702266
-0.08986297497774486,0.010278611368450166,1996.6565789365136,-980.2928650672258,188.89135308904304
-0.08126666422530807,-0.0086777765187344,1996.591462003943,-980.370768869687,188.81818617835495
-0.05418175495908482,0.08201342001367398,1996.702305822841,-980.3303638688141,188.89238290272925
0.08258258144670502,0.05992390289940194,1996.7469344711228,-980.3481198433034,188.83695085391574
-0.05459343839965201,-0.07891850175874714,1996.730289639353,-980.2612465531125,188.91236503801443
-0.08729672713560982,-0.030664292127324008,1996.580897955115,-980.2540260481602,188.8973335894612
-0.016050067772079846,-0.011316488022798249,1996.6350401329123,-980.4221415328485,188.79403930436825
-0.020537960033797972,-0.04139429507667117,1996.6124240868894,-980.2430040729604,188.7569590213556
-0.024862736502430788,-0.06992703209847446,1996.577262710457,-980.3078088508175,188.84804020294914
-0.09713844063357586,-0.025875027275809842,1996.6559067545445,-980.4152131481304,188.89845228076797
0.06054838284605704,0.08425356257780656,1996.6813147197463,-980.2561521355941,188.75665316767396
-0.0061896467057992455,0.011648702441366038,1996.6942752981658,-980.4159046756959,188.88063080960876
0.08629882388553711,0.0841924085544436,1996.6363817440385,-980.391016934835,188.91637409134665
-0.035946873699028783,-0.03669517827101368,1996.6613170581204,-980.3315897186282,188.74331606893918
0.06445152493082881,-0.03023641199721354,1996.6626835481914,-980.3024460334681,188.8300820579034
0.05687855026899527,0.022653517692994146,1996.692600642988,-980.3854780390927,188.89544339943598
-0.053869228371781055,-0.0838821191645681,1996.6925941722322,-980.3720752886346,188.77717455102874
-0.048591345621941166,0.03319889106215512,1996.6355168155835,-980.2446132653531,188.87453662132458
-0.0725411047285579,-0.0851110777648267,1996.59554726973,-980.2415856558848,188.74352254415214
-0.03188191189035394,0.04741128184812071,1996.715424255022,-980.2914723082364,188.81659942759762
-0.07379256345788487,-0.04028663093617042,1996.6523710148233,-980.3235345301845,188.77720392555014
0.08470524819576367,-0.03431807601697641,1996.662909580351,-980.2326311580608,188.8257231153967
-0.09672845271938364,-0.04796674509863877,1996.751460324033,-980.2879009933334,188.83044220812712
0.0552242605805546,-0.05462388861677767,1996.7553178054116,-980.3458095803627,188.75204778727493
-0.04862263364827815,0.047792397926644525,1996.6075025583202,-980.409883983641,188.9380837272123
0.02501656497019039,0.03607560959803796,1996.6549994239128,-980.3769392306373,188.81293365619652
0.07596744845938186,-0.05156498890960322,1996.6570943760555,-980.303824373427,188.91574642728327
-0.09494790826956889,0.025847569783267577,1996.606567253862,-980.2894018312826,188.78148077449723
-0.02837136663733955,0.07639798714341423,1996.5997947778908,-980.2637901246278,188.86380273996616
-0.06001978150819068,0.007662657156699448,1996.7596474439913,-980.3030386981306,188.92802048840892
-0.08708630827179172,0.032241717620037524,1996.633597866071,-980.3980324645554,188.83893159478166
0.07686746852046653,-0.016794442713827462,1996.5873861027735,-980.265171400954,188.75612894528473
-0.0014485487932167918,0.048976601491912575,1996.6105270315788,-980.2806586233295,188.74287009812414
0.04131746872214831,0.053067692508696335,1996.6327968265882,-980.2359934953523,188.87176179419595
-0.024590094997116868,-0.09266119261385031,1996.6986728214322,-980.2877135946986,188.8751435000906
-0.026547492668539202,-0.02232815693959718,1996.7508130069884,-980.4066887076084,188.77541833943022
0.0035366082103289037,0.024096672937055863,1996.732246598242,-980.2950614773871,188.89979209152008
0.08022526959322923,-0.04669652795262463,1996.7627144087048,-980.3006142372114,188.8090195973969
-0.017819443836776333,-0.05410798849568113,1996.7206388246839,-980.2915855766303,188.9316731762344
0.03497156340747254,-0.012334518991931137,1996.7651835143276,-980.329234009868,188.81100751199227
-0.00018396956885465,-0.08916621108671847,1996.6605715238868,-980.3877289681864,188.88025020481933
0.09378351518305286,-0.054591882318551124,1996.675000961414,-980.4064889482738,188.83082305739967
-0.0773050318112839,-0.05707897134478475,1996.619872860065,-980.3075949656599,188.8103769043715
0.044109667363550015,0.0528906412155386,1996.758808326108,-980.2885318676867,188.86104223335784
0.04597863587985057,0.07311436326708876,1996.681641498809,-980.4070747953668,188.86412159085396
-0.02053320499434426,-0.060603950757014885,1996.7331982187782,-980.3061372428815,188.86987660826597
-0.04498721646359798,0.08249792790000574,1996.5891047358587,-980.2419994409751,188.93084505236482
-0.07298421596431864,-0.046944555417006956,1996.7363739776124,-980.3591373614624,188.9254117189787
-0.056891973949820644,0.03610489921896051,1996.729753354507,-980.238414823139,188.84967688058856
-0.01969971054811033,0.005514725429240405,1996.5976205429158,-980.3597303211504,188.8136189314681
0.022592209143684275,-0.0139981958791503,1996.6695163956103,-980.2803416904964,188.93631013811716
0.06703284688756597,0.08463714749260784,1996.6526527284539,-980.3533667436599,188.93413628025942
0.045184914127909426,0.005211012322418759,1996.6747940030434,-980.3565273162004,188.8901374098943
0.040647993550490646,0.05529523796877259,1996.7556099132,-980.2537728376343,188.84184104773635
-0.04408572862704847,0.0002263692643259957,1996.7435634835838,-980.338493972177,188.8811093262489
-0.02678932930583476,-0.08576284605854345,1996.6388192888478,-980.2521206137612,188.92487769772652
-0.08492381473524849,-0.05947980697734639,1996.7430561559138,-980.3892674336277,188.9276654489996
-0.007773517632860563,-0.003793821620679469,1996.671763643552,-980.3934228422756,188.84357327193953
0.040117058027353214,0.019371731722460137,1996.7695490940682,-980.3509955047602,188.9128281200646
0.03880490055292041,-0.004725889465672359,1996.6268862135723,-980.3074884329291,188.85388485063288
-0.062470324503360077,-0.012306783018007875,1996.705326201437,-980.3532752432517,188.87321632454837
0.09374771575043861,0.09431634961155383,1996.685538731686,-980.3327870706223,188.85729769979886
-0.04897605650146575,-0.02764542150385972,1996.5750030109484,-980.2926804918133,188.75517171965512
-0.06899832489459362,0.042621496947965465,1996.6348528886801,-980.4125371623418,188.7796561835357
-0.05091585624695754,-0.07481385593911774,1996.6410178710664,-980.3238997575118,188.7810941011999
-0.04332713919924818,-0.039187893694383226,1996.6146246600642,-980.360355559893,188.93260289408872
-0.08634155186413744,-0.05154334350823014,1996.7587435295422,-980.306072105233,188.839397111971
0.02878530627346057,0.08471545137511832,1996.7589304667727,-980.2345732106952,188.91963160329198
0.022196308838710863,0.007447802012312474,1996.5883807088394,-980.2476234817715,188.91510178194207
0.024946460283779198,0.03409886669832998,1996.6998519854415,-980.3101356755324,188.86615827616862
0.05405058805241536,0.007985395739420517,1996.6873498925077,-980.2736080143188,188.92845536606518
0.017452778696572024,-0.05167945879681686,1996.6973672229155,-980.2806423123036,188.781041341989
-0.00533130790986211,0.08911862238330162,1996.7188690090306,-980.2551163620011,188.82969640903931
-0.08918218483719097,0.06284239222465751,1996.771687050313,-980.2637358962302,188.91546928580985
-0.07367131378370612,0.014821194661366596,1996.6336744392233,-980.3514481180842,188.88404253237564
0.06338070073909968,-0.06472418412021815,1996.7563550396524,-980.2466641317199,188.92607561320003
-0.06400859683689453,-0.006761690762543321,1996.7460807915209,-980.3037846787893,188.83768617836614
0.004349378237366586,-0.036457972778336206,1996.577101450293,-980.3311567104784,188.76286958690747
0.06400373594492961,0.03720103087793686,1996.7307689063598,-980.3271601987925,188.88942698772192
0.01192988865956382,0.04003144249963109,1996.7137516439625,-980.2944735364354,188.86755084982653
-0.001459716383608825,0.019906474827480536,1996.7211492177694,-980.304869885979,188.90260495701293
0.04061087625392054,0.035836654751990465,1996.6287107335863,-980.2524130803188,188.75692709101443
0.06313051646960052,-0.01579547523673064,1996.705439185462,-980.3351178159921,188.9359131599616
-0.0725221786302222,-0.07266608551301297,1996.598401388694,-980.2673383861537,188.81952851115608
-0.023674343357528452,0.04169182452357964,1996.6171550051051,-980.3167395706117,188.81221582377367
0.08370090854528967,-0.07941827819498332,1996.6991693800499,-980.3921177604701,188.88261127457852
0.02487094600800288,0.014199121747249549,1996.611521769588,-980.2781022910822,188.85747351960526
-0.011759031901234812,-0.09659193864314841,1996.6542696470638,-980.3438685179862,188.79260791568322
0.05711702107731828,-0.09933193806494332,1996.582117231607,-980.4020054835862,188.79778217183494
-0.0852587571255335,-0.009874430801848577,1996.6207817927427,-980.4000126313795,188.8696267776004
-0.0970033498390698,-0.06360844304346389,1996.7596567513565,-980.2638218387925,188.89020944429834
-0.08908681944974955,0.08549222151198563,1996.737517810578,-980.2448320522129,188.8244232055905
0.09337087404092853,-0.06550946982194289,1996.634980359701,-980.3370958976251,188.83377192814075
-0.09587039820678951,0.03937471760520711,1996.5975856674231,-980.42595000811,188.815034078418
-0.016942163670142313,-0.012424647287884949,1996.6480272605152,-980.356908793,188.80921815644942
0.09744877880843267,-0.02671278765452377,1996.6143997227555,-980.2317574496515,188.9165613007622
-0.07988606845433828,-0.052541052801840696,1996.719792092488,-980.3435503018154,188.91251685435964
-0.0019214469170121956,-0.02187499072351544,1996.6469160320346,-980.3886868436291,188.84459179740387
-0.0038005894345145147,-0.07908493055395723,1996.6437420393809,-980.3898215880286,188.79809119010977
0.044538041211949514,0.020588370951946988,1996.6931955628809,-980.4253375534709,188.75012249297927
-0.05086427504589311,0.024463938474961394,1996.6739153358803,-980.3486135377108,188.85052141487114
-0.06603679997846149,-0.04399706157771832,1996.6378105261535,-980.4291979185368,188.8228394839935
-0.03262052526051784,0.0716407787671276,1996.7526951955656,-980.420862886465,188.87011503972283
-0.036598758584353006,-0.05505146069786651,1996.626193425392,-980.41245736438,188.7521615121753
-0.023665855430324248,0.09228807405755798,1996.7153628895694,-980.3457917530235,188.7772086087297
0.03498416617379402,-0.039258233024061284,1996.602197638823,-980.4139565612434,188.87128434240148
-0.09815064513142341,-0.05579457400848327,1996.6112596738249,-980.337299229453,188.90226221032304
-0.09668212882367466,0.06365631549945797,1996.6505767532663,-980.2575594918178,188.85129941535442
0.024375479295355287,0.00779772289483785,1996.5994275128885,-980.2723942881163,188.93544685440742
-0.08389875061195612,-0.09385638596638708,1996.746525109353,-980.2384790475134,188.7465859453794
-0.08946088087459188,0.03953931846093567,1996.7547462663908,-980.3019907510316,188.85326704238105
0.026458767609722156,-0.03682655545802353,1996.680578476107,-980.2828255290186,188.83777847648014
-0.08422666137181234,-0.024764219977627816,1996.6495782131706,-980.2982411783455,188.76001938687833
-0.008774111098530255,-0.08333237220682688,1996.6526648166634,-980.395209899909,188.84174889799888
-0.020851051234383175,0.047225790591600314,1996.6833830019173,-980.3349498149897,188.9376169557655
0.036455789123868515,0.01636607844569067,1996.7141867320925,-980.3880035265958,188.84567006326643
0.08808455084315975,-0.0179043047522148,1996.68067134392,-980.3983357976914,188.93755882547438
-0.08426883505889433,0.03762165829063363,1996.6988792399084,-980.3690098598539,188.7725296970498
-0.07597443555261114,0.0950859327581248,1996.6761509620767,-980.3142819797613,188.8804143477747
-0.004869543178231586,0.06160537739729621,1996.6845120733424,-980.4162341796977,188.75521931833302
-0.021393108599604388,0.07421661369516397,1996.7726391915992,-980.3949765142345,188.79356315749237
0.05852395391474355,-0.06423437732880283,1996.7513620114357,-980.4071848277903,188.88707860838966
0.08218742551689576,0.07518894976845145,1996.6925253028787,-980.263350875065,188.75664677580795
0.0464679906342145,0.04275046813259392,1996.6578474766038,-980.3366113062386,188.92863751560623
-0.0468716913273761,0.04568972063438148,1996.6302967003849,-980.2987934170015,188.93415089615448
0.03281158608258802,-0.058318360331051956,1996.6395895896267,-980.3594565291165,188.93043716907312
-0.0033709228885355352,-0.0765056240898619,1996.6808330891647,-980.428924943213,188.9173678457785
0.014357149479405654,-0.03290026680227447,1996.7197657912993,-980.3131828124943,188.92323724303816
0.07587747901115852,0.026055677753568124,1996.6808114911196,-980.3540193985697,188.7539920960707
0.046934459129920086,0.0548405168056561,1996.6508775699597,-980.3797221876149,188.79730082928137
-0.06575651950762035,-0.09414556651787023,1996.7580271560053,-980.2648083034322,188.81168535979077
-0.039969477632298835,0.04210812696051819,1996.6723162166147,-980.3819995427991,188.76349626771204
-0.0354099250923762,-0.03572997225087267,1996.7272127378808,-980.2828682647573,188.7681732770685
-0.0033747978815376334,-0.07329805179859039,1996.6837611419016,-980.3774920827246,188.8016400700137
-0.08541351883657705,0.08396114307730607,1996.6428479039732,-980.2927336362936,188.80491167964996
-0.04497302983625382,-0.05837607692824938,1996.6808566635154,-980.2339339492862,188.8609107185275
-0.006344720241862389,0.02916218803366255,1996.7557901661096,-980.2712192198805,188.89203135387746
-0.09069012769183059,0.04218820086206493,1996.722493485863,-980.3229126255115,188.847082553178
-0.03159597132137984,-0.025085551075554796,1996.703927480098,-980.3926609309773,188.8885563577512
-0.09991357077709971,-0.033533295782987804,1996.745347324139,-980.3391445588636,188.82106986803234
-0.06270154777286144,-0.06571585596685581,1996.5931436145368,-980.2720850895032,188.82304431758612
-0.0007904063155834418,0.027232801149421282,1996.610065772973,-980.3130829065485,188.89680183147092
0.00984633163973625,0.055833180778800146,1996.609308308239,-980.3931584605239,188.85865695897408
-0.005488449968678699,-0.03906854267480391,1996.6140863844091,-980.4019330172933,188.86683171029503
-0.08462417701110497,0.07831910677935794,1996.713440013937,-980.4162915365754,188.81921478940936
0.04110263357662797,0.053683576982702846,1996.67698317629,-980.3423682142244,188.93318258625624
-0.04812534348704383,0.016434891449031847,1996.6936832119095,-980.354810280268,188.7825052635967
0.0003136428332478347,0.05331113189204678,1996.660869835366,-980.2676291685478,188.81206116004228
0.0909936607356728,-0.09286621453972398,1996.5896632139402,-980.4016640796264,188.9249083210751
-0.06544630089402378,-0.0639978076449454,1996.7144626924335,-980.3297788337479,188.80593956988736
-0.01902075194539192,-0.011624965127520676,1996.580734294649,-980.2384947158089,188.7943552723864
-0.04356817928067167,-0.07927920561200837,1996.7392330189514,-980.3681016058283,188.749078580737
0.09045371194453783,0.03936339333944902,1996.6086412430363,-980.351938451736,188.80104656357784
0.06579052686433798,0.0011419803286522728,1996.6196796288848,-980.4082806088898,188.81261661460314
-0.04780170152088303,0.06187199601846777,1996.68903852727,-980.376920538444,188.78542796880498
0.03739646437440561,0.020899396358842012,1996.702520906596,-980.3851066020494,188.8047276347352
-0.08070834120608161,-0.009852439081065298,1996.7146205979736,-980.2777941055449,188.85220161850307
-0.027434849356426025,-0.05643972976580563,1996.7571433555163,-980.4107326415198,188.87161664231292
-0.09497373517816675,-0.024487849187221647,1996.722151197728,-980.365314534675,188.89345586272282
-0.03884008092285612,0.05230169648068325,1996.7469707270068,-980.329122610056,188.76345703625222
0.07194519963280616,-0.06685528864556936,1996.7138088247593,-980.3667218278638,188.8966734779324
0.09162949790419381,0.06954675312554129,1996.6874753277389,-980.2895991913972,188.81715594891148
-0.03379681212231585,0.007153985383389738,1996.7455209050988,-980.3098624282741,188.8620745181562
-0.06840568442088242,0.040059723020221455,1996.7668764936543,-980.3091182567653,188.9193927040734
0.01581988912678231,-0.038612555194278135,1996.6998324179444,-980.3985938115195,188.8346281781426
-0.09255221797377791,0.03078182141872121,1996.6889983325036,-980.2745357062049,188.79832652404488
-0.07016967727103847,0.043900471253856016,1996.7598649598235,-980.3778584573673,188.89821777256904
-0.020030737178595354,0.023564068150309425,1996.7369151439361,-980.3825125684365,188.846190101972
-0.09717355865535456,-0.0475127578156255,1996.6128672762757,-980.3238429937477,188.89701715537927
0.07826973104642737,-0.09413098062743908,1996.6737930683644,-980.3026187390034,188.82462605975354
0.006920002292340216,-0.062401150391310625,1996.6907246125716,-980.2768284332737,188.85307264054296
-0.038536352790157616,-0.0732978018097592,1996.7214157544292,-980.3625752389136,188.77385364959213
-0.030780912968935814,0.048282939915981704,1996.748009345874,-980.2730355422681,188.77543661478407
0.03203491451909388,-0.01958492016642341,1996.6330356043543,-980.3348046712022,188.79745677770342
-0.018920473920095243,-0.0706941860192709,1996.6464156893296,-980.2739632779642,188.8467030020729
0.0797892895365572,0.05240988119936435,1996.5747618697937,-980.2936679866341,188.76691098867298
-0.0871241821571348,0.045077825317261344,1996.6810464940343,-980.4257874496732,188.8958433184266
0.0920889856646579,-0.08344387028772267,1996.7244753312953,-980.252542744775,188.7423174867315
0.059312092812120853,0.07294242827339856,1996.6385967661656,-980.394152511158,188.78611088125643
0.06271798560179079,0.043215034474249736,1996.5829485227619,-980.3579032343148,188.82404117831365
0.07151504399478184,-0.08546489613232898,1996.6129177749003,-980.3977403908842,188.7884245678405
-0.06925004625830976,-0.08282758551070422,1996.5831891827866,-980.2480877344912,188.75713339285252
0.03734771087593261,-0.021617045831863038,1996.667509079894,-980.3537058709742,188.767594703303
-0.08991254843778791,-0.07901195843741299,1996.7012646568896,-980.3561384075355,188.75594001701467
-0.06655697236323704,-0.0341571052880439,1996.7542366718455,-980.363250765413,188.79366143238624
0.026006051393923785,0.08524356339684785,1996.5989143003692,-980.2642480168755,188.9352583155262
-0.04439462740992071,0.09077704169855294,1996.5806579519683,-980.4121365837271,188.8939840520094
-0.05093048970156549,-0.0467352092952206,1996.677600836483,-980.2953244639169,188.78440205147103
-0.03551552781810541,0.030989336778122267,1996.6680191669843,-980.3170106559796,188.90705325347398
-0.08626465509778568,-0.09510291602782091,1996.657717920636,-980.2932365884838,188.77901803433352
0.08922256250601421,-0.06489570466116085,1996.682019323442,-980.376823928961,188.90367600395712
0.034035996740523405,-0.07667909838679202,1996.6099050194446,-980.4290647266398,188.89753679542616
-0.03675391967426765,0.0768119417034803,1996.5987725665207,-980.2757979368416,188.91822806387083
-0.0364584503293046,-0.0888343258010495,1996.617760983389,-980.4164395238344,188.93573775246065
-0.08272890564979173,-0.02349463897924406,1996.660454819635,-980.3606453577472,188.83939686638033
0.016527342580059765,0.03355876665720231,1996.7125415135267,-980.4235389544541,188.90141818149675
0.0665408222978571,0.09723926867034693,1996.6894795484634,-980.2898395670026,188.78612248503188
0.03430453591344268,-0.08774649925090316,1996.578772486597,-980.3908480717137,188.93242384614618
-0.004975939696127751,0.045272975088218814,1996.6258195618977,-980.3724135981257,188.76014349202197
0.01051299041876605,-0.031731069294434325,1996.673409076438,-980.3830459359486,188.9042747074408
0.05583430238832121,-0.03196404240491883,1996.7628954168238,-980.4292318106125,188.78625787301192
-0.05745475410946502,0.028061296187896045,1996.6213304674386,-980.2888681124049,188.92582421312343
0.021620876820288418,-0.013696717019761898,1996.7260989934864,-980.3552468282264,188.80657081217117
-0.05785131224946505,0.07690992458708795,1996.6225373953018,-980.392523532552,188.93963867205963
0.06973724802907044,0.04675155089830155,1996.6731499022708,-980.3773517588672,188.81019918035577
0.08315214816401029,-0.01199605016160847,1996.759108971691,-980.3122780285838,188.7515481095895
-0.0560433776752866,-0.03358345677595194,1996.743797709878,-980.2562220953291,188.78409897859066
-0.014811262728019095,0.0002619601024444751,1996.683604439321,-980.4055362023428,188.86717942844913
0.039179604341720575,0.00913534813271999,1996.759766050243,-980.4099112803572,188.80176173511546
-0.07251080264154285,0.09376343560251535,1996.7246910677138,-980.2401058550755,188.74547570735228
0.06021895137776859,-0.00600245584640062,1996.6535799920364,-980.3725383123993,188.74784049839317
0.004033519938011959,-0.08994559550232889,1996.6047909476183,-980.3748548988548,188.82502730999823
-0.05613192329136312,0.051790719536243646,1996.6492268649363,-980.3596587977696,188.8422840430225
-0.07155882522095414,-0.04190374169080846,1996.6782774542246,-980.4226898748568,188.9186032603508
-0.05521252991350783,0.07838399643981542,1996.758087686491,-980.2617254084457,188.90715373851964
-0.009335179715934824,-0.05916198918150511,1996.7518420899692,-980.2873481098007,188.91979553409612
-0.018744348889179085,0.030624623488899105,1996.6447240802447,-980.4079265769217,188.86914030984386
0.08127052288165729,-0.0318941085915619,1996.58210630192,-980.411862256413,188.85819728564394
-0.07226786874611771,0.054182544359171525,1996.618000985832,-980.3754421642601,188.80707885244107
-0.09489404092299446,0.0034145280243313564,1996.7388179074096,-980.3397164923058,188.8449881019784
0.06473842064513749,-0.014203760630493709,1996.6829061439964,-980.2806434461714,188.9396583156335
-0.01669868138047774,0.07458301357658789,1996.7068014934378,-980.3009135033335,188.79600744202597
-0.018592504482725827,0.0641976359784378,1996.6701627766545,-980.411290974487,188.82387235417426
0.07811353537564575,-0.01974418028675591,1996.5868826189371,-980.3599945924974,188.89621637641125
0.08615997790241389,-0.048593695564388466,1996.6051218427558,-980.2561318301152,188.79143190165482
0.028194998507218905,-0.031134708674965192,1996.7276184094574,-980.3171279263966,188.74337155833197
0.05479507194332109,-0.0762778385054427,1996.705582845374,-980.429408231932,188.8598029647121
-0.03622640298357682,0.06440700348836012,1996.6356574474864,-980.3325612593026,188.74841888020305
0.043008699203705814,0.08705900736683533,1996.637581044165,-980.2633195668814,188.76278454319225
-0.07036126972873005,-0.0465293881165477,1996.6575960109733,-980.3998366574718,188.91954944261482
0.025606951193332728,0.09591418742320443,1996.7520296761124,-980.3443457671665,188.75452400770746
-0.03545959576089895,0.006038089517563905,1996.630951160543,-980.3246781752115,188.81566460133013
0.014919417052340261,-0.08403608247888956,1996.7097390002366,-980.3201684433157,188.75853636833813
-0.038940391170682466,-0.0741134012351879,1996.6307387696345,-980.2599343240355,188.8862597536147
0.04686946666364433,-0.021868800970889016,1996.6114312302327,-980.3437293475074,188.90922099293496
0.08800370044259942,-0.020000750122250624,1996.5825589123854,-980.410716555391,188.88333935935552
0.009712996283210915,-0.08428026303910158,1996.7204955426882,-980.3311602814326,188.9159567528171
0.06105755098933424,-0.07901593888805247,1996.574585788742,-980.3923179547237,188.89115056746488
0.0968556559074791,-0.0440028998082328,1996.7222620864725,-980.3743147831159,188.742234083547
0.08243602772432942,0.09203403675143032,1996.7031811888587,-980.3422521924543,188.7802950490493
-0.036603035834337425,-0.0014485533787946814,1996.6802085117947,-980.2828705167842,188.8357306984452
-0.09369601078013959,-0.07185149054219318,1996.7134044926897,-980.351718383093,188.75818158167132
0.055910428847312316,-0.018346322805455867,1996.7423671362333,-980.3508187113853,188.83822396724486
-0.09090439093796061,0.036338639050526034,1996.737115325538,-980.2749537254881,188.8253377077355
0.040381748357139036,-0.09674385470217772,1996.6319860779656,-980.3624322925677,188.75218962524465
0.02850810816306526,0.06255129460377443,1996.6811109971982,-980.3266391746217,188.76762357269757
0.066766103890289,-0.08493317085664837,1996.5967788666155,-980.2476464129575,188.88923928544327
-0.07530302022806215,-0.051423459116347874,1996.6119891586943,-980.2515725232354,188.81094076103557
0.07503915885001997,0.055942718726822244,1996.647046478051,-980.2591299536739,188.75355377967108
-0.05179962380641756,0.011390200216840535,1996.6386816264485,-980.3805770708849,188.78132188233735
-0.014665372668915683,-0.07872852295879679,1996.769382883641,-980.4016015573743,188.8162275178459
0.06726872361739417,-0.09386107186632285,1996.7151107242237,-980.3689561134532,188.84669286355293
0.025179539546119623,0.006021575765936496,1996.7577869904303,-980.3425568491634,188.7462648488537
0.026989542350399465,0.007293679151255089,1996.642511749962,-980.3769858100604,188.79098334730284
0.012385564796731655,0.04340937965985875,1996.5879682173154,-980.4196288476975,188.91561373736943
0.044952208165271346,0.05572801332779359,1996.7645523092717,-980.2848007199618,188.85428720128044
0.06633041921583963,0.08887544438789258,1996.7596645544854,-980.3951173494003,188.78025181780419
0.045425528131492976,-0.05167800653447779,1996.7521427235374,-980.3071523226421,188.83621883412047
-0.09992179550501934,-0.0554424506225282,1996.652973882984,-980.2880609690387,188.89910649223702
0.0446259672812275,0.0772181730441038,1996.641963080991,-980.3957054632618,188.9247844750692
0.06748027484240601,0.0884473476913897,1996.6645290593608,-980.3051546667593,188.78374849101394
0.03291779810268869,0.041557584653845125,1996.764257088056,-980.3413678904775,188.8521166479503
0.011932279807723822,0.05148290416581214,1996.7168006901868,-980.3623798000685,188.7680301187109
-0.08783639212187266,0.05002651531518351,1996.692391661111,-980.3882367105781,188.87664710614652
0.003057270770190884,0.010555346576491709,1996.5907228700971,-980.3370972854855,188.78119217471632
-0.0535402320341861,-0.04559559073704669,1996.7683455460392,-980.2762304267309,188.87769173981047
-0.04398971058375883,0.011130335353583015,1996.730089587006,-980.2863859086992,188.80701669877405
-0.07183484565336838,0.09621955223292863,1996.7301802528762,-980.3744803774078,188.74866631931133
-0.07271734396411036,0.04543169054244278,1996.6676739405632,-980.2967645360287,188.91809090760302
-0.0017779442684655172,0.07735476864306215,1996.6182585751606,-980.4099344756853,188.86057754117053
0.06186930312941219,-0.04499052575882581,1996.691349599938,-980.4256891735059,188.7475063141576
0.03331481518578136,-0.036911418811147484,1996.69367381041,-980.2853875951079,188.7939517432124
0.057700259991396025,0.07595171572047657,1996.595870772997,-980.2436980118038,188.7472704682691
0.031672417590879576,0.08325277626590719,1996.6693279899519,-980.4118246848507,188.7711797853982
0.035296805333393744,0.0241159029335027,1996.5794551631802,-980.3306085563661,188.85372011370276
-0.032143316329325974,-0.02856689475857095,1996.6767424897082,-980.3176855225115,188.85204266730656
0.017418896727279948,-0.0935999696613794,1996.733074131157,-980.3310785573788,188.7921660279264
0.07885412295030905,-0.09889230106587765,1996.6184910965276,-980.2819535571573,188.9254921603668
0.03481935476633985,0.09033285436311042,1996.6481675703153,-980.2653872028337,188.843038409258
0.019335428046761804,-0.08660212447015843,1996.597887066526,-980.2901284123741,188.78180574349835
0.08471676119813495,-0.09809550756506856,1996.7381633574537,-980.3824587486464,188.81070490913945
0.0984439815676619,-0.06762594571373962,1996.6311723377241,-980.3427762846143,188.80955978190698
0.05633296664533355,0.005255059590645206,1996.5812612970356,-980.337172695845,188.84551350923968
-0.09961929718321996,0.07883058638858384,1996.610875199861,-980.3732276023809,188.86954416610752
-0.014452915403513872,-0.005063296285904698,1996.6784220591296,-980.3269114180137,188.88963059842348
0.09563421262889121,-0.06757520160290853,1996.7687679950088,-980.3568083948513,188.77247227709498
-0.05945176261802468,-0.006022494790501903,1996.6929337787383,-980.2832580154409,188.91490470424128
-0.05843411556037368,-0.05168953548133242,1996.767777470676,-980.3510510894412,188.782679602522
-0.03652330117743936,0.05054926362445897,1996.6777936954636,-980.2598063861186,188.82324981597375
-0.04525918851105424,0.020431189713397496,1996.7103495168933,-980.3025788321082,188.83352106955635
-0.05293809436185755,-0.08799162278001849,1996.5968345026074,-980.2711618361586,188.9196111883187
0.043722337182554194,-0.0420945042855299,1996.6284495213363,-980.3240154000241,188.86705538762007
0.07895377543343565,0.056570572795781565,1996.6347480615814,-980.3590285507205,188.79151799981432
-0.03147197210751802,-0.0767570180483827,1996.6486621531672,-980.3934916748472,188.74398363177818
-0.09407238635811024,-0.01727501970057084,1996.638138169179,-980.4045648720853,188.75486271039784
0.011356634492301107,-0.04094905834367351,1996.645814655942,-980.2495063970542,188.78371579870424
-0.012200074198512517,0.09536091315985856,1996.653685218831,-980.260565356126,188.84611140738767
0.00431217167331828,-0.061320191328642554,1996.6071977844933,-980.2661896940372,188.92611840078607
0.005384357132161011,0.0018593346192428833,1996.6479969694951,-980.2709952389523,188.87328424366214
-0.017419857282676435,-0.06710250580573315,1996.6590771446993,-980.4125877190174,188.91260218639013
-0.0007975833444907321,0.03889536741319835,1996.5730828939807,-980.322064784116,188.89462658383695
0.040706576810372014,-0.07136562811744916,1996.574397025942,-980.4096890693885,188.75472054012147
0.03469036466908043,0.011279790648525911,1996.637554388096,-980.2727351350757,188.74833189789308
-0.005449640718621279,-0.08017442826168947,1996.5869669822775,-980.2712735488615,188.80284754669654
0.022389192014043144,0.05153284538409983,1996.670481212846,-980.3110322962998,188.88737654741396
0.002543905789303663,0.07125649370980139,1996.7720299986338,-980.4031494067751,188.82239814413046
-0.06539709915155767,0.06516932742812129,1996.6635793587802,-980.3681208770034,188.86786255942766
-0.06858519368101818,0.026251460091592876,1996.6315264413633,-980.2318511889241,188.85613722468062
0.0036321087963941123,0.06476791554969252,1996.6381473789913,-980.4220996327723,188.83490219613086
0.08933773917556107,0.013240189363620453,1996.585637926126,-980.3608537026237,188.80452798555115
-0.0011759590907025191,0.015332710926074508,1996.7496822318612,-980.2628415744318,188.83178086608206
-0.007782202344114447,0.028164144736034846,1996.6772605453375,-980.29597773924,188.81237042069594
0.004674890011939076,0.08792973184641631,1996.6637891430175,-980.4072865574199,188.75824092287783
0.002139637759252716,-0.05879774579818656,1996.6337748980711,-980.2918730459072,188.77542836630494
-0.025253206620934596,-0.06165869226611505,1996.7296295699007,-980.4085577378296,188.8430947031435
0.03960891745020784,-0.032014998023261576,1996.6566095939968,-980.4264982912961,188.7535164349689
-0.04469667810434757,-0.06617170123690269,1996.680310152205,-980.3754725192229,188.81354759733398
-0.003932408580656244,-0.01577024628804158,1996.6849310194852,-980.3657299750741,188.80909096848873
0.06180702498071458,0.05464640264842485,1996.6690055700064,-980.2727931835277,188.9071934531857
-0.015131486810291014,0.07719187197116609,1996.6579106955833,-980.2495215267776,188.87204699288247
-0.04769662078798274,0.07415757485749949,1996.5959083398566,-980.2952238066873,188.79169148891586
-0.02820540792381003,-0.05374407121439462,1996.6639038001078,-980.3080999634263,188.81010850410325
-0.058523616823905146,0.001790886500044414,1996.646743186093,-980.3059207558562,188.87253414475066
-0.011249527628640593,-0.09156727433559309,1996.5914517240153,-980.3624555486263,188.89077612360953
0.08063177000911867,0.04334797440765015,1996.6070447714837,-980.2477002334163,188.89352958758062
0.08723575066707456,-0.06748008873199626,1996.6489448064997,-980.3589122980087,188.88945381962964
-0.0706091861048598,0.06560333276319846,1996.6729744601214,-980.3239661903594,188.84553444737506
0.04745478740224543,-0.08269657636085846,1996.649288528099,-980.3650942363636,188.74767196084733
0.06821165378853997,-0.07328730643776789,1996.608430554887,-980.3906445260856,188.92161501144116
0.07195529536016629,0.09276291126718586,1996.7124560093678,-980.3098600331142,188.9216249054541
0.01935889280641341,0.03903599902977184,1996.7482119708475,-980.2513732357362,188.923162499095
0.030507147808497337,0.04489347528728274,1996.688290586275,-980.3827736164561,188.87077158310774
-0.08005909599605504,0.07374049891358567,1996.5986064772455,-980.3657647067658,188.9052345932371
0.04383400178209082,-0.09684111557287983,1996.6577538858292,-980.307338168968,188.7836104029575
-0.07970813884430046,0.055655777478477914,1996.6436361078406,-980.302242828447,188.91801469297235
-0.0996495705534868,-0.07270782174180829,1996.7204566851713,-980.3951003042702,188.81076797638528
-0.03349283574934728,-0.025982608576021193,1996.6609388044797,-980.2556113899885,188.81938710682059
0.039805526002869684,0.0669741962680393,1996.7675503996197,-980.2991406501314,188.78007894295433
0.002501384348558594,0.0031985228008516164,1996.7416311189181,-980.2973564937772,188.7826006649587
-0.07059478565920499,-0.027165343156430224,1996.7678102530065,-980.422111861211,188.8666177546472
-0.01989262790874835,0.08179528964513505,1996.6920801007648,-980.2681576268484,188.90044378788784
0.05402135870301114,0.09197219104376658,1996.7377910646967,-980.2707167767469,188.79762401457336
0.06003233802704866,0.0943368132308052,1996.613291882073,-980.252176321899,188.7538171980886
-0.06149909995949099,-0.09983515152247813,1996.6240023920495,-980.4027398993674,188.86695973109323
0.09237900769386886,-0.0892434470092231,1996.5794829129268,-980.2319098139654,188.92475837477974
-0.06841444281252321,-0.0337672652626408,1996.6878705934034,-980.3140723154779,188.8382095761395
0.09662420423722182,0.019751423864266093,1996.7550215704184,-980.2521762472711,188.78683097395918
-0.001641569375174165,-0.05006643280651666,1996.705592884774,-980.3957939357232,188.91666625992528
0.009585500313689016,-0.07554641430039946,1996.6963530329444,-980.3219447572595,188.86216990729451
0.05489863120849922,0.0900473064022693,1996.6075489206867,-980.2944951841557,188.75684454596495
0.05034301069408273,0.02090605594522703,1996.5973109370905,-980.2664082964983,188.9384253340501
0.061312430839153303,0.04044855128360417,1996.7453278566165,-980.3022872724832,188.8550669335357
0.03751452142725323,0.022957567198654605,1996.59315563654,-980.3175002619037,188.80781147249547
0.0915430367209753,-0.07087683683139823,1996.7461611950948,-980.3441767537712,188.85446416207694
-0.05668660592457375,0.033307845949437725,1996.6737470372539,-980.4082325074176,188.91879691721977
-0.009843220841592434,0.06662976378486915,1996.5896029793341,-980.3063228576173,188.81611436163016
0.0931986367678227,-0.0908761063250083,1996.6402379556105,-980.3369443997675,188.819635883934
-0.039080630109137315,-0.08630057338305074,1996.6570387099616,-980.2570872122374,188.8240834042307
-0.03393036966597203,-0.09414370152881224,1996.5762398222464,-980.2778680329228,188.80347094749337
0.09470874381786809,-0.034453418670163855,1996.5874894726005,-980.2964900530999,188.93691887648606
0.053032104012199294,-0.015446042489876716,1996.5763172435913,-980.408520022807,188.91096718408238
0.028964636380450437,0.043749480312758965,1996.616326118531,-980.4221545791332,188.88282385391503
-0.005091291178735233,0.0013078753481931826,1996.6494927995345,-980.4206258102555,188.7733327245334
-0.0679281268190125,-0.08150917859613503,1996.6437146279836,-980.3408704384511,188.75827838983557
-0.0466484356594284,-0.03411596695869855,1996.6463988443445,-980.3536769838979,188.89928009349572
-0.02672351521932599,0.0742755372824305,1996.7318505439678,-980.3464532659112,188.9150910254885
-0.011961778764671388,0.03121664340692143,1996.6498175944114,-980.3863889627588,188.81122014208668
-0.06791289520718871,0.08685910727598758,1996.7389695561421,-980.4228156507955,188.83888920790167
-0.011055958429621218,0.07642576594100292,1996.7497391958154,-980.4058474544717,188.75650725151837
0.07150955810329798,0.0348525062299522,1996.6488636939494,-980.3147254437187,188.84127445504163
-0.08844787922616466,0.08645185986117812,1996.6361122321039,-980.2602989179551,188.88341994491896
0.007700165751064844,0.05005887064225906,1996.6846657354827,-980.388661495988,188.86744737447233
-0.006266552231138839,0.005696138677530424,1996.6124175653365,-980.3427623523509,188.80024148199897
-0.04237271023641958,0.03608803852453099,1996.6279361207414,-980.3089784010677,188.84335163505156
0.02761735681288985,-0.07767845813488738,1996.6826552004163,-980.3482528222654,188.9266781816308
-0.0828721971776244,-0.04720761429681091,1996.5904694188355,-980.3896785596344,188.79681437134445
0.08528878292826006,0.0699883347513138,1996.5752309733268,-980.2788839605277,188.84515326761806
0.07384925651771346,0.0990459838214843,1996.6846520183135,-980.3442198855345,188.93003580037336
-0.0335223035130755,-0.08503305441034092,1996.6961000481683,-980.337706917301,188.80555143575782
0.060171451494258815,-0.023915290006965906,1996.733805436059,-980.4159971522092,188.7526996072141
0.07763945133918557,0.05507267012804054,1996.6856298135012,-980.3204824931603,188.91819047060866
0.013509140450713497,0.08661029399128908,1996.7533227406984,-980.4147834758778,188.89544449579432
0.03391942546474863,-0.08842328908974906,1996.6054210166994,-980.2538490198474,188.9402862260359
0.052093504099651994,-0.0894963242323416,1996.635118051292,-980.4247060783991,188.83207555626683
0.0928957525771604,-0.07782313052868402,1996.5874231294451,-980.2508165442944,188.79830169047156
0.09900962564598953,0.04770357961044688,1996.699613104098,-980.3221628841377,188.81780616641342
0.008421732974854532,-0.04225636331581848,1996.6366240774535,-980.2393031188402,188.8792792783928
-0.09965521351823321,-0.015655333798983567,1996.581411594605,-980.2724090966816,188.90675277243807
-0.07970109552064518,0.07606302458087236,1996.6195153604074,-980.3144955617447,188.84762935326162
-0.025713422094452515,-0.020740051556172062,1996.7529177226374,-980.2328673065222,188.88993384898973
-0.029302453655343563,-0.07400948974952953,1996.7443809795502,-980.2551775561972,188.74935413304303
0.05514007073533919,0.0725414797121644,1996.631644848217,-980.3234654243377,188.8936430065413
-0.07538698794003298,-0.010428763002328395,1996.7408747993304,-980.2389181433437,188.75551324660688
-0.07384718534130799,0.03541099428167904,1996.710457055288,-980.2429561853353,188.7786967559684
-0.057666381079459476,-0.06508182616698993,1996.6323626532378,-980.3717736059257,188.85161925544227
0.025402118498757564,-0.05475928536691828,1996.7485100315637,-980.2381795124307,188.7857608584855
-0.06136381665993101,-0.06021365948196085,1996.6048662061655,-980.2516215620643,188.84934544897408
0.02423702919460309,0.07952242966220407,1996.6687227841041,-980.2818368726462,188.76537245731416
0.06156043206201112,0.06892646747226003,1996.5916127996554,-980.2852177974924,188.76582525222585
-0.01050178364168923,0.0753626739131674,1996.6898866246875,-980.395368881558,188.76161648547813
-0.06894356047330277,0.03649262369123557,1996.7388459369142,-980.2994763270293,188.84712569295758
-0.07759709564197122,-0.012762337824605077,1996.642986198636,-980.3002883561331,188.78065259791703
0.007674492141055575,-0.01589214348441248,1996.6141479622938,-980.2359674914766,188.89022691046705
-0.028558770275603967,0.05427763986629591,1996.6173968368064,-980.2740708383851,188.93327911892212
0.06710061137162443,-0.07193074953026005,1996.7642664849657,-980.3273344835216,188.9210082943434
0.03584921100029001,-0.03928405065475489,1996.6852120467329,-980.3528819934346,188.75880059050448
0.07501365620387401,0.028659966548196303,1996.7541076037978,-980.2504262771005,188.9364684717826
0.049576771243614315,0.01666274013076055,1996.633053532091,-980.3453994653188,188.7793174720554
-0.060374457139953666,-0.07183513303808285,1996.7236072975957,-980.3116264477247,188.7562878498163
0.050783098113501235,-0.08464513948531859,1996.7081561977764,-980.3698383141583,188.88854614642258
-0.0966560190985853,-0.017608428208611346,1996.6877609184553,-980.4034600464477,188.9063711421325
-0.017948309299708323,-0.04838265401466906,1996.7597575438376,-980.2416646908491,188.87882876691393
-0.09279572702875945,-0.07367107184486642,1996.7250935157058,-980.2639272988893,188.90556965950287
0.06496813370137552,0.0708353908319781,1996.702914825778,-980.3040786122826,188.89126442113002
0.07767351411433451,-0.021835217436282403,1996.6857952033947,-980.3601724719697,188.85462031774324
0.004400890135437013,0.030764224680155577,1996.6132960264522,-980.3378124610448,188.8801534880493
0.03334064184150848,0.01943392368264174,1996.6180466950045,-980.3628449252292,188.86678964910612
-0.09087039173714535,0.05944401520733522,1996.6097435722947,-980.2698060719725,188.79872287102683
0.0632994387872303,-0.03340494909780023,1996.7572686307726,-980.3381148070547,188.81459022308823
0.038914157726508775,-0.03237443751367737,1996.7270459511687,-980.2707980571104,188.88197232147087
-0.05611560259678061,-0.0968353841955443,1996.6297647267581,-980.2646214778304,188.74738319166713
0.05789770177551257,-0.07084586606504091,1996.6252688806928,-980.3269650578769,188.77815079576106
-0.061113082266951314,-0.012780020840820125,1996.7094498944707,-980.2625583252631,188.88468344089148
-0.04746038524922234,0.01306008800157947,1996.581795817442,-980.3464333422638,188.8800962997705
-0.023773345929700526,-0.0759620456128246,1996.57989204019,-980.4145040589824,188.85646955984149
0.04433852124916765,-0.024915607634286158,1996.616391404649,-980.4079938404967,188.89366312086383
-0.016406519928209212,0.06554783744170925,1996.6835755062352,-980.3136064452486,188.8161319737303
-0.07749783527991556,-0.047413441465501,1996.6697768437225,-980.3324866542689,188.74760688784494
0.011244734444667934,0.07236279172875554,1996.7090925799725,-980.311424517251,188.8400877021373
-0.03392537173381423,-0.0001610580790796512,1996.7529382780597,-980.2578328936588,188.91337757927562
0.09916007383478345,0.05381554924547782,1996.7304630281903,-980.2488047192895,188.87605916834036
0.060981526980205675,0.08946636138351624,1996.741717437947,-980.2348416154623,188.76883361143675
0.04278369221373243,0.05774005505077193,1996.7215288749667,-980.2864198888611,188.94076546096218
0.08538873885150863,0.023972791752117056,1996.666147138192,-980.3182394650534,188.92554849789377
-0.04592533480935199,-0.028133742723212854,1996.7199418315242,-980.3756739334551,188.82463352488057
0.012499735168043882,-0.0657669977820102,1996.7218161540472,-980.335992615364,188.93717980819542
0.047909660756916966,0.09951476015101016,1996.6247343222267,-980.4251893181817,188.77731435332242
0.08376467364617243,-0.050808146827535365,1996.7091353555998,-980.3027287831629,188.9098057718474
0.02787587834450242,0.050594597637093036,1996.6690038321842,-980.2922609840965,188.83714833703993
0.015213336641021286,-0.06384716950057626,1996.6294050081788,-980.3285189311282,188.78680043918231
-0.06519170464883425,0.016126186020503336,1996.5852075210455,-980.3205021782237,188.75737918889487
-0.03935999384137943,0.07944507676252138,1996.6094780106764,-980.4134475026132,188.8878948160351
-0.05600277189216374,0.08210152620169373,1996.6119606486338,-980.367986210792,188.76312751767546
0.08477832305386607,0.037717609049550294,1996.6141460454382,-980.3999069237722,188.80410477726397
-0.025436755830691812,-0.013754453812313688,1996.7565136015344,-980.2356446843295,188.88474706204678
-0.08128438460587034,-0.01860294428525111,1996.6021382246633,-980.2884913487599,188.88787258910085
0.04437003407169149,0.01763671078585323,1996.701303506969,-980.3482173709987,188.92579257158224
-0.04140865481683745,0.007128957298702596,1996.5939345737695,-980.3541248303947,188.77053382787813
0.00120609612594072,-0.009749151497505992,1996.5939448493316,-980.2408405770384,188.86530249404967
0.0016523915520195304,0.029476828772999175,1996.6241647273598,-980.2911814398007,188.90458326789468
-0.05778704080356811,0.08412672517657022,1996.7684190982416,-980.2980097732197,188.88123071530248
0.07835271406222485,-0.04256481660349785,1996.7059385434509,-980.4005143108034,188.87570796683838
0.010990959580449489,-0.026405370721581223,1996.6790567174717,-980.2865558073912,188.88630693964706
0.002086881311560207,-0.09413522466728441,1996.740361632391,-980.4050873061135,188.92504700787546
0.0017195061162328384,-0.028752501973431807,1996.5899878422078,-980.2976857343092,188.93876205707332
-0.0988606575858791,0.006417293451496442,1996.6476154832735,-980.2425511928564,188.75742368132336
-0.09467311664718461,0.093748090662603,1996.681780422169,-980.3737426098044,188.81434854431313
-0.047615542323215944,0.08015799997059034,1996.746576584832,-980.3811996559969,188.84224456328354
0.09991192607088645,0.07080683036980395,1996.6905224554173,-980.2518790922369,188.79636301036487
-0.07789207011461333,0.055596936139984565,1996.5776548079434,-980.4153865225323,188.8745282422897
-0.07643988985166605,0.09676151020684778,1996.6279858472656,-980.2680194312137,188.8369683932409
0.04361512868830167,-0.06009351794257796,1996.6209304949846,-980.2960863584968,188.75633602573174
-0.07994475569898865,-0.06275872289102752,1996.6740590670063,-980.4305094961186,188.8719105916613
-0.002902155003878887,0.010798158980060396,1996.758963226138,-980.418409073162,188.9315792360628
-0.014754177742022104,-0.031123025196420517,1996.6951694559225,-980.2517621340455,188.77687023528685
0.043113516542759384,-0.04912287987623579,1996.7700217784425,-980.2856798388885,188.89335048258474
0.0006816616168330569,0.0975534472834157,1996.5735772146759,-980.2566552575181,188.79692955805396
-0.07856873409877496,-0.08586201728819393,1996.7437512811653,-980.2909365092953,188.8040190632416
-0.05986884362930718,-0.07655826618753743,1996.5753723244316,-980.3737213588533,188.8776163549686
-0.08949349427910128,0.024139140360519257,1996.5873507477456,-980.3282009502514,188.83803465354666
-0.06957059303409344,0.06291917413811737,1996.7331280016097,-980.2843825140109,188.8253252392106
0.06279851166444522,0.059185585408047525,1996.6605866849188,-980.3588083411898,188.74981795119706
-0.00997975519643926,0.08914078553587107,1996.6252063990587,-980.3192804958171,188.87302151924905
-0.08033153032134102,-0.03524332137746804,1996.5851785573686,-980.2625981848813,188.7831188367296
0.0029600838583957734,0.05644265286976319,1996.578650137724,-980.4181759144625,188.86727375191333
0.00637249950403182,-0.004354214373900309,1996.7309022168633,-980.2758389049378,188.80199301256167
0.08158624265347095,-0.055500624818637025,1996.578072586756,-980.264824065373,188.84076088627725
-0.07020747708354083,-0.003588439321387263,1996.6550704873282,-980.2445780576301,188.80579495174482
-0.06778989525796406,0.016245505769100638,1996.6612077035193,-980.3031827212359,188.8148263803477
0.02086633558801873,0.0037967450577596623,1996.7197608308088,-980.3092262047704,188.80211948718713
-0.006263253554138926,-0.07050762584773262,1996.6293913193533,-980.4242461673168,188.86475647532126
0.05332949671395268,-0.028953378433625263,1996.7504326380765,-980.3357625589962,188.82242371501482
-0.028893288385033383,0.07647662921479928,1996.6909555801824,-980.2934242588962,188.92288475685118
-0.08856210735537239,-0.07496402116572154,1996.6648470309538,-980.3746770101471,188.75111278857233
0.05681479054353883,-0.03411780439547485,1996.6362058537995,-980.3214944274341,188.80545514207247
0.019040959806187543,-0.01031074058785468,1996.659009081845,-980.3417771754279,188.90941742628905
-0.027625613637621865,-0.029183111674973783,1996.582069675947,-980.2665562682703,188.8380867738389
0.037036942410405865,-0.07474742233435246,1996.76698980868,-980.2806806578432,188.80705984999295
0.0016958094039438987,0.09431401674796547,1996.650554295434,-980.4176491956637,188.9331977670188
0.03248953451472936,0.028411908277885922,1996.7108707218874,-980.2502667537184,188.82598044332292
0.08748528630453883,-0.09278861178287923,1996.6707744823154,-980.320895698441,188.90822316387232
0.0042228009771765745,-0.0795265000762359,1996.7688497492675,-980.339732575431,188.880134685413
0.0646774189854844,0.06576237864772555,1996.7517748875762,-980.3761643905284,188.84407765460867
-0.05192437610394212,-0.05375535320876854,1996.5890200048266,-980.2616342198163,188.80509910678947
0.0003041526176428694,0.022837283633526634,1996.7123085253738,-980.404714000553,188.78914312522323
0.014820358090784497,0.013425676527361527,1996.758267656909,-980.3674623929884,188.78192668182515
-0.0041569859001061304,-0.08374756251386702,1996.7291573091666,-980.2998688307257,188.776941502683
-0.08446195733262947,-0.07764820098619521,1996.631735973389,-980.3663239436765,188.86382828952617
0.007268676019327569,0.07085322942719213,1996.6861172736976,-980.3063664522139,188.81783946471003
0.058526595586523816,-0.06289560359990021,1996.7294339154228,-980.3906688029188,188.90080641158474
0.07314136164103266,-0.03903544939610866,1996.6644508905986,-980.2889177292432,188.8620692057979
0.035010572488252484,0.05669528371310989,1996.7114481292504,-980.3109320628938,188.84626754914459
0.05107399118440603,0.08812797831712835,1996.6746132880407,-980.2712065335699,188.78555102882328
0.07187857625523561,-0.018370907424203553,1996.71818868369,-980.3290787650546,188.7481748032791
-0.03781894584379813,-0.032582304621779426,1996.74106845128,-980.4039274367079,188.84855248848027
-0.08585400725136937,-0.07252320659088643,1996.7344793487498,-980.3258766836209,188.78823501497644
0.02475507925958549,0.06913823429050164,1996.748636510762,-980.3344914284258,188.75779874994285
-0.04379076858886813,0.04367600843696395,1996.6881996686213,-980.3564833039021,188.81037035724324
-0.05558829351384336,0.08486659683116213,1996.5942141209634,-980.4237970845859,188.9314342348701
0.07061558686313557,-0.06512985756977327,1996.6729895882797,-980.2818248808679,188.8416466868506
-0.03024604026895135,0.040524133909878635,1996.5969955684852,-980.4119633472353,188.86282052007874
-0.09645592720463875,-0.015599536603442793,1996.6824597010443,-980.2911057245394,188.77870786470206
-0.009858638011006587,-0.03694349419016965,1996.7188632759273,-980.3650423574187,188.8757346947181
0.05616720076752604,-0.03640845166948159,1996.7515913563993,-980.3072514122061,188.9139003461908
0.03074321684605355,0.08270632852715806,1996.7066072211042,-980.3107916504675,188.90751397152488
-0.07833361772343515,-0.009490188958655249,1996.597924777604,-980.3576737210852,188.81760461044342
0.007942486268031332,-0.06676881425553033,1996.657821300376,-980.2519102997841,188.86648981996998
-0.08680012782550733,0.002799156904207775,1996.7546889976973,-980.4057679982926,188.90207588066198
-0.0843569343671671,0.045676302735761565,1996.7263622458888,-980.3909300903622,188.92055422768476
0.0986509913603634,-0.05830826201452386,1996.6067574336862,-980.3292594046846,188.93131717995226
-0.06737037173937095,-0.06762115114909811,1996.6494945641348,-980.2502929000767,188.83414805810654
0.029845719121841446,-0.08238793200657202,1996.680795477614,-980.4222301980244,188.76993335239615
-0.01599779660645824,-0.09898599980006789,1996.669638311188,-980.2393547288225,188.79102128526745
-0.016354213580447308,-0.07232892571018278,1996.750375157527,-980.2674269075079,188.87461733757513
0.016795396632545673,0.01716577833362838,1996.644525541254,-980.2799785470419,188.93545423623266
0.07348223368546572,-0.06938999703000943,1996.7727007580336,-980.3737049675054,188.84640264520255
0.036708982643490706,-0.07682261422582859,1996.6819920033454,-980.2635407778621,188.88164570205151
-0.09552712555380001,0.07897937825640419,1996.7132318339197,-980.3687369245883,188.81128027066904
-0.029273057728276403,-0.051439211720545025,1996.5980919312951,-980.2967435059047,188.7865755068716
0.038256559340769936,-0.09246765578931673,1996.5741585877138,-980.3569327729189,188.93908806286592
-0.0798984007505092,-0.023946181399398997,1996.696284393373,-980.2731605709434,188.90946841943352
-0.068159236231469,-0.02683274757897565,1996.650874667566,-980.3009313340274,188.77147054596253
0.0386168103475758,0.0376243369356975,1996.7092893490994,-980.236549066371,188.8853922079916
-0.08458980993762932,0.020330922888774444,1996.737863943786,-980.2490433636501,188.91992900233308
0.042756966503365024,-0.01922344479572194,1996.7572240727807,-980.2440273505116,188.90783578298937
-0.07027668965826073,0.04780295056200115,1996.7549752624839,-980.2954828005282,188.94065596010364
-0.04676300531965974,0.010533544417554122,1996.7368228282378,-980.3248931195257,188.80604239464847
-0.017171853710184412,0.029179548804144473,1996.7063146788653,-980.3707303182731,188.8413778216597
-0.08227266272851635,-0.08065327966942851,1996.738791615601,-980.3227193151654,188.82635076571484
0.07226917691886,0.08345025668152897,1996.6341969299185,-980.3838441650389,188.86291684103304
0.09608051577297211,-0.03812361320471283,1996.6741201924713,-980.3576767895881,188.75513394681425
0.05633432009394451,-0.09138326574459639,1996.7625586191616,-980.39924528636,188.84541698959498
0.042969890527763926,-0.08214174020450558,1996.6722421311845,-980.3753615383122,188.7860473334475
0.00995025764793403,0.002537729161114194,1996.5867401010055,-980.3671595723238,188.83266665645652
-0.074163613484455,0.025009740872372455,1996.7417633952412,-980.3621506205556,188.90887831944792
0.08972511608398903,0.06744538935827457,1996.7337814518987,-980.4044145026065,188.80971469723346
-0.0940136600907191,0.0036269019327712926,1996.6487123622235,-980.3985996918598,188.77046887693277
0.0020636376670229994,0.04076451744990012,1996.7587659656804,-980.2906791775166,188.90038792608215
0.027914149431969904,-0.049783862073733066,1996.7018609362392,-980.3827701219313,188.8442460885526
-0.00593249146358199,0.06433854358805466,1996.6351874326322,-980.269762718105,188.92313815289117
-3.175293795174006e-05,0.08264959182769677,1996.585792373273,-980.3199639620043,188.81523284778422
-0.0031423013733656163,0.008686602436338814,1996.7187399148238,-980.3425921103751,188.91666576301563
0.08037593813044167,0.04258761842622649,1996.6388591337454,-980.2630771571262,188.9238095593422
-0.053909313105421935,-0.06051076102427975,1996.5946590579026,-980.3463269040446,188.92770540952148
0.06378304648602348,-0.08577428112219387,1996.7701788020338,-980.3268981068112,188.81482899356294
0.08447611451908632,-0.08465381189363044,1996.684206184078,-980.3507401894198,188.85086792289468
-0.08896738896412999,0.08420664165478225,1996.6981823917595,-980.3334954807184,188.8419291432727
-0.03650945046328183,0.04373119292802255,1996.6871146709846,-980.4247543675275,188.87386413308383
-0.017065914651527916,-0.044531379963059003,1996.7671043934445,-980.2725990723103,188.7441453636785
0.0010411900093117293,-0.032275869661058096,1996.7677672217847,-980.3827526244229,188.82703123956261
-0.09932226431077498,-0.01820365492274452,1996.6427876585078,-980.3552048193795,188.81879299892293
0.0998958225352255,0.004827908847198942,1996.608510872215,-980.3863345571906,188.85660165579708
0.07099211648824394,-0.06594466589327816,1996.6899206375256,-980.2883013462261,188.8504804161474
0.06448972319827229,-0.01696855409324252,1996.6567033286588,-980.233681589042,188.78135867571285
-0.08421507416234614,-0.003493077272637146,1996.7694383900746,-980.2433153886126,188.81944838724837
-0.030750165306982144,0.014324596895249161,1996.5915882148765,-980.3433246041069,188.81120315436752
-0.02012036954883971,-0.029388226869675863,1996.7535556543728,-980.2744757338056,188.79996214917713
0.05771816630275389,-0.053759157926108636,1996.5798406894876,-980.2818073248277,188.79326958977066
-0.040556235862996726,-0.06922155848447685,1996.7297078618678,-980.247247767654,188.86946747048674
0.012505545885880126,-0.05721843785948258,1996.7655071259226,-980.3356428285447,188.94076887722147
0.08916699356228766,0.047768160258810644,1996.7656235681818,-980.3791919160375,188.86101527522732
-0.0534374666693791,-0.04118487773738915,1996.5794894643325,-980.3464919018923,188.88238749353266
0.05180330470478811,-0.04350173788478267,1996.6547352951889,-980.3812845241652,188.913989123248
0.024687599982113367,0.06482986591055548,1996.7074568029104,-980.2324234338345,188.93324749718903
0.009223947381744507,0.07332197226767345,1996.706152319079,-980.4140370616301,188.9171360463827
0.006802773518149091,0.08616049991810057,1996.7013294584397,-980.2781216199453,188.8829120171135
-0.0008275657057639912,0.007388315518567001,1996.6051964782453,-980.263162441944,188.83972824809476
0.02809734736845751,-0.014828553157750737,1996.7303276828513,-980.282960633878,188.9073689727807
0.08655886386801381,0.019657642415462112,1996.6134731606705,-980.3448956536133,188.91269486746623
