age,higher risk of being infected with covid-19,voluntarily using data collection of epidemiological data via mobile phone apps
0.07556787549094432,0.08079994435038493,0.13020109121046503
-0.08171018521478846,0.013447886888173083,-0.04433410840953643
-0.020563748651182934,0.07182307537966248,0.10881581815596289
-0.010404138513762831,0.002399427207756169,0.03437433870256294
-0.038284904693161176,-0.07050411438477466,-0.0774023976745472
0.06461248347591636,-0.05100627790435848,0.11218552227260647
-0.09860598711220894,0.054390488397844744,0.002880157230427033
-0.09173292884107476,-0.017875504280349827,-0.19220113203259157
-0.008040148297069977,0.0723472214604752,0.03031269479709993
-0.05622469141649951,-0.04047665155542655,-0.06553483281071464
-0.036152289635209806,-0.018418921596197374,-0.13119010183247798
-0.024563176863925326,-0.0765589965457852,-0.09248121761722164
0.07989847810396675,-0.03446892070302876,0.1196983926317685
-0.047386663550592005,-0.09936278568560175,-0.17484008958172678
-0.013527749786556728,-0.01738386613273804,-0.08267331823811201
-0.08099732953485204,0.07312120864887534,-0.03900198897424058
-0.013458468142978991,0.07075569429083803,0.07110839639015262
-0.05462655656333637,0.011275696438774324,-0.08279498992832335
0.013141693570333832,-0.042793370837650224,-0.1036265904773726
0.06769630519179043,0.024898806971896587,0.05913313927319214
-0.058899301793829184,0.040081717907072933,-0.03382869842707504
0.0788337148864508,0.06903593910041378,0.12495027757718552
0.061358944893530803,0.025317276548062317,0.01619205811478279
-0.00912986201597657,-0.07352715877824419,-0.04931534661811815
-0.07832516313599891,-0.07367694379263873,-0.1120929038259682
-0.016939422410480034,0.009191789597968694,-0.014605112908701024
0.08626547282471528,-0.09666859442083647,0.09694601838945545
-0.013287931618533547,-0.004644352265230481,-0.04029790560375149
0.02994502627992382,-0.07039758589451894,-0.07276705861848498
-0.0019448801618199563,-0.09707562573331018,-0.08066724448175702
0.02391565786039647,0.07539754804789653,0.1420319618035239
0.014311155061605005,-0.06304772919019735,0.007958803602469693
0.07126614977672954,0.060446933509099215,0.03779019964364787
0.013289851254867882,0.02760776308424087,0.09546596266959695
0.02846743267231941,-0.0837986285249873,0.04773766806110743
-0.056328880785536065,-0.09854598664648334,-0.13739134001519604
-0.036482136572698484,0.01962385362074788,-0.09122804808868776
-0.02809774640465497,0.017994350587725555,0.044716497796347315
-0.075771107777393,-0.0446585102567578,-0.020953758083393142
-0.09705988380395428,0.02676438968866418,-0.009972285480195964
-0.006884127331515041,-0.060117751312915524,-0.08456667742388274
-0.04446902144117762,0.017665189536687054,0.06475385956342435
0.05587892478452525,-0.07147110948170476,-0.021230988551462805
-0.027922399936677847,0.023269169500101453,0.05865341659838445
-0.03852750061737856,0.09179051709348063,0.059062626232653216
-0.09845517194721704,0.059431631081766884,-0.10049008554286772
-0.044254136033851865,-0.08700137218255169,-0.21208622216273504
-0.05846819168592463,-0.040709244822624106,-0.10592216814409354
0.0904155349980604,-0.01992564007087319,0.08843806294909806
-0.023834992580202358,-0.09252040258005492,-0.16473708476071713
-0.09240686845706202,-0.05560918549925871,-0.09480721043006363
-0.03075356870273685,0.04689650918020127,0.08384821096273326
0.0038271898523745823,0.0791104768726189,0.11233615853991755
0.05273058021638735,0.024620936366472404,0.012490219798147316
-0.0646193776486524,0.0603392095151454,0.02607441349988284
0.06368854253433937,0.08908209472394116,0.18655941548327173
-0.08584305467284821,0.09894294745475701,-0.056333834404623265
0.006536272342776803,0.06367816273990456,0.12808182441488275
0.09383931673387466,0.02015839738786107,0.07128114102707914
-0.0750938930839446,-0.01742899770604503,-0.009648455301787776
0.03438738451336848,0.07711939309940119,0.048008437761243875
0.011002179040514565,0.048285140716268604,0.09405793696879852
0.05349287767618752,-0.05196819145671359,0.07154242235312247
-0.006955930073944308,-0.016392339450415405,0.01859567767699709
-0.03538742605955161,0.0963737524580475,-0.002967718755206336
0.044089486910438014,-0.046871071790335075,-0.09481201369428935
-0.011019617926396413,0.05334732913911722,-0.027181087793305914
0.05496002904135924,0.028694252260852954,0.06981152330919907
0.06179598133246708,-0.07526055098925405,-0.04166687974227283
0.046585865026389506,-0.048049865071404185,-0.019397762761449586
-0.037310576156929565,0.02681682085201617,-0.08778937374949679
0.013829465009875766,-0.012351424779737608,0.07799372895367332
0.04982100416028251,0.03254842696843269,0.12414009089456514
0.048536715735289226,-0.08545327146337776,-0.05789294553920702
0.09457514829076452,0.0489653969612901,0.0618985071953633
-0.09180570635239049,0.007175184484369712,-0.15490641488141121
0.028040847177889294,0.007220946038730733,0.10317061985439198
0.0646699666052005,0.04666711609827506,0.09369660425835323
-0.07996676941221513,-0.05614592419095839,-0.12283481922060668
-0.01924710724754379,0.027971700187010284,-0.08732685134306292
0.027763147021504897,-0.026368145934826823,-0.0030450822997949486
-0.01656084040137358,-0.024984481702041622,-0.004081786806223203
-0.028539387216086468,-0.022194372479638,-0.14219259574941087
0.03352049012374436,-0.014468755056645133,-0.04527678310518714
-0.035417330579371395,-0.004167827271926411,-0.014685328353199807
0.000587136142852912,0.04670203543928669,0.12846355676941545
0.029303976793987607,-0.03457219730956762,-0.029637953048671214
-0.06531576100771952,-0.025655440644305624,-0.057312121493394735
0.022669947243849034,-0.06122001328610558,-0.0744156169766365
-0.06464723461084732,0.058487650182701634,0.07179749893567286
0.009197250370643492,0.07932716561578199,0.07206607195135614
-0.05364268898804408,0.060495173503035016,0.004444561219363211
-0.008096075242426323,-0.07547232598305903,-0.16212826362637972
0.08784643926229682,-0.08287183230780287,-0.0760448157662224
-0.013472319008553613,0.05934903622050841,0.01652278488463181
-0.05449788258232613,-0.005509797126173943,0.014987929586759735
0.015551679461452458,0.0831077521721725,0.028969240248444238
0.005704633801828646,0.05237607285013279,0.11299820378249364
-0.07214249083867307,0.09233312256667423,0.057547021538073284
-0.027360445316878756,0.028818994531475683,0.018644760065389714
-0.09361736441800371,-0.02977582854311099,-0.07671959364064736
0.07768819006854086,-0.0008811636525285771,0.06595868961181012
0.04332737993485747,0.062217263821904595,0.19273304209936815
0.08446509018866319,-0.08097423002407936,-0.07914022828525556
0.012357803411989637,-0.04476983816516307,-0.10975341210364528
0.032660345276554315,-0.015886681183673132,0.030879660428911264
-0.04493210273093154,-0.0038045224251519183,-0.07122229082180453
-0.05332427462840444,-0.0842482495291457,-0.0658132660060492
0.07613083287577588,0.05066283763442278,0.1501996947813219
-0.006628747793410675,0.08925524835728432,0.10403542480029639
0.035001521102691224,0.08076970172991069,0.052956954481452066
0.09958259077178652,-0.08983987715992442,-0.030152264185589497
0.005589132680824699,0.05680737878166092,-0.030468535144385356
-0.03421956720885769,0.07545095395544565,-0.0038550732403604196
0.0920990506220801,0.04425926732156754,0.14875667467181397
0.08573126476270851,-0.0011410944430217257,0.11029160286454225
-0.010847270870554857,0.06429742056341278,0.001959946708566321
0.014360798319553572,-0.06455481659830051,0.030415331842322334
0.01769261174450154,-0.0677519120888432,0.040893284941070945
-0.012772283458111988,-0.06119387330678197,-0.016352302107108724
0.022630987834211178,0.06811282666206345,-0.007074015443806758
-0.0009052330325076963,-0.07322349556391211,-0.007215053772693256
0.010446032429815899,-0.08509974929031885,0.03285238487782238
-0.09530921608594145,0.0683036857568941,0.02210723105762876
0.06582467935455688,0.08318518908278641,0.13154869512358378
-0.03727256617350201,-0.027454749951851265,0.032012180298391486
-0.010817082972868278,0.00503166525200445,-0.019207558717817888
0.00022108295953646162,-0.06374167569146999,-0.15056330888397573
-0.036438082723600745,-0.0691283964059062,-0.09970329150176947
-0.08762144996589248,0.09521826094045102,0.0734216167989581
0.06703771933248143,0.002125129518236915,-0.02458009938780019
0.035418185446144335,-0.02446528235270093,-0.015081032396731597
0.038076603154456434,-0.0233174495363547,-0.06589842035597326
0.020947458511399647,0.05552424485086002,-0.01420140041656337
-0.09734973736759385,-0.09268526522290904,-0.2488021618450975
-0.02021920328321347,0.03953867864212657,0.11290988134377802
-0.0767546857808491,0.0439644975452326,-0.10734413722124982
0.0014965813970514719,0.01745759633280264,0.04327849145113203
0.07584802665698709,-0.00396850111972788,0.16569435065511584
-0.07627524335086507,0.0971753427616314,0.08676080987914196
-0.008259853157811747,-0.05776905412827285,-0.07341233287557655
0.09271115811916172,0.01679449623746057,0.07096354772562642
-0.06551273841165209,-0.03696830381192154,-0.008052256251827664
0.01592729413005771,-0.09398850602578764,-0.053568477547164386
-0.07908594707685226,0.05325783946777332,-0.09356634242609892
-0.08778302909988439,0.0206421764769609,-0.03524163003887827
0.062000663854206634,-0.050268329969875805,0.10465961702763694
0.03675178970004672,-0.005694567535475217,0.10007812649795504
0.00860214313846211,-0.00404891185185538,0.026567045961415882
-0.09181789495645465,0.07331357801846905,-0.06449575796427276
-0.07146813301209252,-0.03234054917913502,-0.04741310780413914
0.08404962372711311,0.08534612888920001,0.1808824535606397
-0.05879428250298618,-0.03148536508934888,-0.09484383833237936
0.05432608588010601,-0.034160761307759566,-0.023511698388851043
0.02532810410271416,-0.03419916305142949,-0.018525865192950852
-0.08820097787454535,-0.09481671353492288,-0.07998883365243045
-0.03869733660271486,0.0904546733612753,0.11061771474885712
-0.0015393790555260772,0.01179349669016623,0.10438891772536797
-0.07112065017310393,-0.07355666073859782,-0.16532828549474424
-0.012297410594037814,-0.03424164934735577,-0.048125987329522536
0.010257940631262799,0.008581715513918647,0.10790759718374685
-0.033624764997894865,-0.03231086288630376,-0.09851096998115982
-0.025686077139950567,0.019253374225644576,-0.06401508414115777
-0.015295615752250274,0.07856611653592588,0.1079408817795767
-0.022307024102123443,-0.07825971239092742,-0.07086468790578801
0.06977135339004872,-0.0869334742180665,-0.014410903531430552
0.09391884833917533,0.019021797079377498,0.07133291184228742
-0.004891627923852254,-0.0189460397927637,-0.04580709869441167
-0.03372114944184901,-0.0961635122602767,-0.2130240471042929
0.00856489725029344,0.09000693970209969,0.13648810955843982
0.08883133614056882,0.05912385676492618,0.11205234024729968
0.060752420933341295,-0.07090485067497926,-0.02859114456939551
0.008483852762415964,0.01850756636917543,0.08351600405223024
-0.00521826102984535,-0.018097279993035037,-0.031025794832127564
-0.0800333473097,-0.05818493328400638,-0.13779788579670837
0.0817058145432494,0.09322233278913936,0.09973691263638845
-0.043194331203424224,-0.0021828752217821074,-0.07560699110416585
0.06596347675967937,-0.06899405887915827,-0.059270905211821046
-0.042427300669942915,-0.04844872875882214,-0.030976596219359442
0.06066448911325359,0.09312791907791446,0.1362741644319781
-0.09188438363124896,-0.08197434685074662,-0.17321920576799588
0.021808369044839876,-0.09223497793539276,0.03670809333799148
0.037069099394796384,-0.004329000807228395,-0.05046939753768885
-0.03416713973091001,0.08054629720975362,-0.03128702287994374
-0.035351155225176206,-0.05629283669727958,-0.03486781030359373
0.06501019298601438,-0.0665659389367412,0.03577394309402799
-0.05238969288966862,0.02837526775543303,-0.030204837303504185
-0.05193513479643877,-0.02412646379234848,0.00972432740899934
0.05571048769835932,0.07072421335033804,0.03657040240679628
0.021372166008087848,-0.0992893886116544,-0.07752975573468607
0.026859136796336724,0.022338560764594326,0.09051412897064938
0.021257119738997382,-0.035567652997107874,0.030820855459592802
0.08356521347744592,-0.02262337760210195,0.10576583248765908
0.07656205653000661,0.07134493857682908,0.051792352228828734
0.06114549764647445,-0.006860061725508709,0.13297789751872213
0.010703507816641283,0.05159962717019914,0.07778436988587953
0.07163411951102797,0.0847192380158742,0.05660131080604179
-0.07135817180027347,0.02659592114750331,-0.07824260691980017
0.029186946136873226,0.09770950436968998,0.11040265564965433
-0.056534350719302934,-0.07260077843696087,-0.06363631950058557
0.0456311759095161,0.02431030478387794,0.08201530635514111
0.08300647566203354,0.08249056002063121,0.2175364296066482
-0.04040361307807416,0.021204238628945868,0.07278968448454709
-0.002767696202319009,-0.03963421812822694,-0.10149288475754059
-0.06588809334876164,-0.003165003477273734,-0.13675247653534
0.07139486938706799,0.05614511834948152,0.057878542107092146
0.08999321574116212,0.01824324481004394,0.07593467253408653
0.01894883714167024,0.006750288521576692,-0.028320596806783355
-0.07713912383242505,0.09000006260131296,-0.05053443064323152
-0.0588285449588829,0.09283605080516644,0.08694029184883997
0.049010322671078105,0.023099996899524883,0.10003666689687923
0.08171052649363936,-0.030289861394600354,0.11863858313828232
0.006156114038641067,0.07367310430494281,0.06359159287426094
0.08905352426681093,0.03912223706279505,0.11471609156410091
0.04757348234450487,-0.04675759804420668,0.030234567786673737
-0.08965873057763765,0.062295765558748856,0.028094317965442143
-0.05896843689696318,-0.04256707574866079,-0.07497221211415371
-0.044451278995365856,-0.0005295688832202688,0.03994814693223595
0.02243457104023043,-0.02190228771821237,0.07916808099168628
-0.06225113897723129,-0.02326915101711105,-0.07649824242499109
-0.038728878001722644,-0.013314642716019301,-0.12561400403633513
0.03914033419686408,0.013561069415293586,0.0357912036171163
0.014335890666969539,0.03848424301294398,-0.010311571613332092
-0.0792330613132968,-0.08088716933419507,-0.12317547657337358
-0.08423119789627805,0.05111135090527749,-0.04648691666868906
0.0507245618752131,-0.008624841294815416,0.07772100589137776
0.047603045014619316,0.031441920761982656,-0.02388301804523303
0.03165039758229102,0.07183015454900094,0.004675996964118356
0.04223561072168741,-0.08327089931640744,0.010153857794600055
-0.045266434679561374,0.0029111194257723794,-0.1402527910866463
-0.039463157960472554,0.00673769695207091,-0.08879294233180021
0.07760734459977098,-0.09515872896327499,-0.019978471087099683
0.03163646782436652,0.0495724990473381,0.0760295768754942
0.030085349324890542,-0.068737977206875,-0.03495805595486824
-0.08819167469441441,-0.062238302728511746,-0.11129354507997796
0.07069206490001173,-0.013144233479450415,0.0911476959764563
0.055741838091287105,-0.06999094898684635,-0.03363416962654886
0.04409493326113045,-0.07911728059958392,-0.011558840081352183
0.007320057295207016,-0.05955638259603349,-0.05145764341060429
0.09407305359874724,0.04615417707792632,0.20626666761471
-0.04654911497234178,0.06912333923101957,0.08353093254402079
0.05236160182174329,-0.08088294258256755,-0.04243738864131479
-0.09820858135099655,0.036354638376273896,-0.09187961730475153
-0.08261108510660009,-0.07007880941246276,-0.19462525519277096
0.04620709801854378,-0.032003469235157275,-0.018035637636282024
-0.05789760254061427,0.045723711560191505,0.01352033909386895
-0.007295698374885723,-0.056395566259669884,-0.048265890060347684
0.020261275324485142,0.07136184145660701,0.03341552990356927
0.0633761813288421,0.08604159765893546,0.11459469983334815
0.027145604256901684,0.08570057820850649,0.06802141340272543
-0.022048755215902327,0.05155218793756586,0.03199875752855216
0.08412124019305578,-0.008718350007327152,0.04417978939224507
-0.0977737019051852,0.013967557698524827,-0.04504634883130783
-0.01953229335281821,0.0435048860253206,-0.05178710886504087
-0.03244860952337572,-0.01686037958588786,0.017022271736646714
0.01269852715488376,0.033169915927689086,0.0842000652288453
0.018106747143679283,-0.03724182954418667,0.021412917544209643
-0.01379165186229836,0.07669146181310046,0.040428976697977806
0.0735386612330225,-0.018184518567593247,0.04896960468490818
-0.0346839974645603,-0.03488773465837547,-0.14964906111566822
-0.07011079350605905,-0.06507674684850398,-0.07365446269390186
0.06343027913442503,-0.024333709820880053,0.07154011832455952
0.07411457484525094,-0.06875685328837255,0.019643516124105413
0.02572518511376462,-0.04491953321840652,-0.10088070130870373
0.08933640484724803,0.08488415105848887,0.190567678275749
0.032005908855521625,0.0077618928254789415,-0.056191147785809706
0.04256620629757993,-0.053007494646500834,-0.023434025581014598
0.00832913647309648,0.08749987700974207,0.09477424047644793
-0.018972549279242815,-0.0109846723126652,-0.07965363747569973
-0.020053998225754197,-0.03306362339083457,-0.048174005144615076
-0.014073384131657679,0.08467086784991848,-0.02981540316543288
-0.06140469427056572,-0.07126902237148852,-0.15396885748326788
0.004991355028703959,0.03552154679213507,-0.05909678880301086
-0.08829762850113693,-0.060516244464222796,-0.14191615713427075
0.08448583277775068,-0.05693112065603994,0.03456648307182813
0.01535846571094128,0.012305645391955972,0.08088553727139691
0.038162895117172274,-0.05586178596381193,-0.06397281981659458
-0.02761503221592257,0.0657839423487426,0.08561196301856984
0.024480220126071137,0.09529178149769588,0.11459431189198793
0.03543602042409974,-0.040695399072425836,-0.09351706688242911
-0.08823419720390985,0.04623468021317084,-0.1262952985510646
0.060582605877524814,-0.00585058525035731,0.008934279813872986
-0.043495326246380264,-0.06730432136556849,-0.1741291964617475
0.025234177496241184,-0.06961083347490103,-0.03534741618360317
-0.0794575872914401,0.031254092564190816,-0.0791323270567848
-0.09664465170456787,-0.0853258487152524,-0.07311306492891376
0.03885178450898491,0.02553173823796767,0.016722757484333543
-0.057803847434545634,0.010986900727675095,-0.10136459271694137
-0.04836533254047429,0.005019912232967633,-0.017066079752551415
0.044663842345423144,0.08496376531948799,0.11789345849915052
0.06883037157991662,-0.06903507336621112,0.03350377466033898
0.08973606714163695,0.030443437147107705,0.045178406131127447
0.08882669555986814,-0.026022694528863702,0.15522022295082283
0.06060118405741374,-0.08355622130819917,0.016409491604984467
0.0005510129440634559,0.09749358538010158,0.033393862853742726
-0.006067852076609315,0.009463763772464343,-0.01197413597644758
0.03442844663896566,-0.021697484109935286,0.08761861160737086
-0.05507606080061392,-0.09804594645856973,-0.22007008829357844
-0.014773016226491714,0.04736261097666755,0.07505404196190038
0.030210513724642646,-0.04960327934392368,-0.06921166599789491
-0.08527057937256527,-0.05746979737800393,-0.17786471602052933
-0.03753074240109429,0.06117023227882701,-0.034871137445889835
-0.02849375284110596,-0.08523446785641056,-0.008130000114580552
0.04962137076474629,-0.0007691157040539964,0.0721822215524737
-0.07401218905373262,0.04601498149512545,0.02690294971730959
0.01780965970582775,-0.02329875363601905,-0.07552985132421887
0.009109192699376337,0.011229803392881973,0.007050935457118993
0.06763883623257361,0.04041023978227165,0.04262265290007011
0.0934426692975531,0.03256220594226936,0.1436438627729294
0.03511156955275302,-0.07508567180099741,-0.047348684049707004
0.08279355569301891,0.008153484494579713,-0.010934999818767263
0.09746671917941949,0.09682318641444793,0.25680215104416515
-0.08895282598948767,0.08465068186675262,0.01497609287107094
0.009375826820785721,-0.046782745144665586,-0.09183699308127592
0.03409434012886184,0.0745509320771435,0.05767786156711889
0.042859776749856304,-0.02562848255750487,0.11971417126096881
-0.02926575803761966,0.03034121230710768,-0.07127046105063319
-0.0745662779708579,0.05474262806474406,-0.02437917939754565
0.0064367086712511234,-0.04486244954908001,0.059513548367168954
0.02058996023514978,-0.0013152175000868127,0.05094010376022061
0.010336806922630462,-0.07258043735187147,-0.052713678224809095
0.09018842874740521,-0.01584726374637535,0.08523910728279839
0.07396785527916905,0.06492925583654724,0.1545898882623363
-0.07247264172357837,0.08069238639617743,-0.005666388047538755
0.09410599988735,0.039247194224429155,0.20468922170798062
-0.07356175303081647,0.055043486652732926,0.028452562287326347
0.043467471664325075,-0.028996562746959123,-0.04951446827381322
0.042690295056196176,0.005578729876797528,0.14619984401808506
0.008937406418579208,0.039286813974519164,-0.005810996710219278
0.010824053102473807,0.0545666907296076,-0.0337873281231328
0.040026343136430276,-0.01697863874585033,0.10362266641469374
-0.0798835397388586,-0.0781199692176597,-0.067957538217671
-0.06984337439533761,0.052161834266330226,-0.031370947299075636
0.02398792732341734,-0.05297231393652849,-0.057812643775772506
0.007390437451309545,-0.016062904479896736,-0.048329969873404495
0.08127500790676928,0.082282548271673,0.23571022276967588
0.09581819544458622,-0.008826067110309671,0.038688552625214596
0.007484680607380972,0.052982265034316356,-0.0014670985562245317
-0.046861838098598965,0.07172292019832999,0.043852798527154804
0.04055650528209767,-0.08570461824081821,0.04851237485047653
-0.02635437030477121,0.03834453615487432,0.0944062776011344
-0.04513171365288058,0.01023000452116958,0.01139145386377425
-0.031947278886271344,0.024433833965178467,-0.050180360648707345
0.05537997772435471,0.06031066623681858,0.008169552033957556
-0.03743661911128833,-0.08390720629355242,-0.10384737964741145
-0.08688418958180229,0.09792001998213126,0.0064496513365465205
-0.0663365439009965,-0.07034902868395752,-0.1118110228870424
-0.07264685095753248,0.022947217271372278,-0.11216995426416669
-0.03184866874603974,-0.03979831339679625,-0.06646905695652348
0.0957638203996248,-0.08657011781261048,0.11262024306443552
0.02127277336995266,-0.013384532905947835,-0.08673326753358972
0.004463849642056331,-0.040831930160160734,-0.010762314513167118
0.04532057495717884,0.05108665675923693,0.14728568000767436
0.09618696006066285,-0.019530615060287415,0.1274349027279088
0.03151757245737258,-0.07455665190525028,0.027583807886589977
-0.008838398955588828,-0.09827895175851123,-0.08064546123727971
-0.09686153986109206,-0.04482464793330548,-0.1763438291943487
-0.08732425704027312,0.004880765104783219,-0.05968938828082693
0.02065283262661266,0.05741875160203844,0.049093070816303916
-0.01916484148446558,0.07422804542426467,-0.0018656546044822156
-0.06776935939977632,-0.061420826330177695,-0.07616360143277953
0.04104545436184459,0.048597151164236935,-0.009877557314167493
0.04678878901010591,0.016936702759825797,0.03460125362578899
0.06892175395060318,0.011942806681801671,0.17814963136198003
-0.07962499981543013,-0.01856134440193377,-0.0036230316628622777
-0.015604859419037137,-0.08471767089255924,-0.00528814383600866
0.05449160086648283,-0.03810726623198229,-0.013902844341014658
-0.02175968070487888,0.01506436936996354,-0.08735826104744288
-0.09094341572279115,-0.005529206859302541,-0.12243551713587987
0.09890852162894792,-0.04840020994086658,0.1385208377341955
-0.09600400299017678,-0.02259510609484408,-0.17877906354610112
-0.07749678380322123,-0.07773204357522626,-0.23396236459400277
0.02480281353991258,0.029721829898791047,0.1187036063345688
-0.09076651927634055,0.08360521463049023,-0.11754119656705374
-0.03631205644664784,0.07745662305090376,-0.05839486611140062
-0.07776373163438695,-0.01761256234426889,-0.001443826554234362
-0.07858989771761533,-0.07349892765984034,-0.17520752895292868
0.04097805286983172,-0.02111842605532363,0.040153306264140085
-0.07251372950613706,0.09404788462196573,-0.011908362608630199
-0.013221324810251511,-0.05672884337598608,0.020066525609458027
-0.0787463264659578,0.05561493698751782,0.04042756977021593
-0.09534840466582804,0.04074690635611078,-0.10267585122473422
0.014773859326846786,-0.060303438741136466,-0.08233760598147413
0.05901674428381273,-0.020720435480484925,-0.057370840302405406
0.03983137951028806,0.009152023040742363,-0.010287758065285826
0.06685839654054865,-0.07698804261042413,0.026509952354969283
-0.09172710018798245,0.057834283298902694,-0.11960866323768736
-0.08729615314456128,0.029676035585316785,-0.12572799088432435
-0.032797351917460915,0.006581348471080911,-0.06395894860059476
-0.01174885861249253,0.07500098416672188,-0.019626657749911652
-0.08254523640590801,-0.06596134327972077,-0.13801164149749431
0.07402321331909748,-0.01718429380784589,-0.03320482371773562
-0.08729755288898654,0.08557155726663851,-0.05703027029974826
0.033683998559297906,0.0451191214647963,0.1357570484814143
-0.07039237752723562,0.06697260209259309,-0.045940817563830456
-0.04553132993263634,-0.09258005511817556,-0.05464552870232098
0.07634095356501608,0.058757361799501584,0.08234641660494146
-0.03284484417127616,0.0549976251862653,-0.05472802835528206
-0.06034658241241138,0.0373222381212194,-0.03271503809739312
0.06795402819227875,0.06838801757785737,0.1594655808832809
0.057090543359428064,-0.04998177230022001,0.07345512813710814
-0.09081155361079539,-0.046910459804610886,-0.05337617043229065
-0.06435150407099033,0.016319088828914502,-0.14153568251861837
-0.09824002133541543,0.018996773667147096,0.006206296737595138
-0.0068387206509684245,-0.08147535254528362,-0.08031425605375492
0.02843770909696658,0.08433834551969116,0.12605528699880555
0.09606842100599952,-0.020524503018983425,-0.017394402601429715
0.047107800437247216,-0.0749555547151771,-0.11155775430036599
0.0011809288039154042,-0.013370273014153528,0.01575839062245142
0.07724804590538561,-0.06168173645956361,-0.03892108397081539
-0.004483805160162266,0.08110326301658746,0.107360768578189
0.01708331856262761,-0.065671211501929,-0.09941537036546085
0.0032807782856410367,-0.008227478126655169,0.05383576513520476
0.02084143509077714,0.09270703121609411,0.12672046053593122
-0.09421500155710319,-0.045946636528264806,-0.14674414120622212
0.027529158917027535,-0.024565788459955898,-0.013553672412931601
-0.03801722791004589,0.027394779492826843,0.007401750311003832
0.09125357856056895,0.01937646786957012,0.11829220332381143
0.07351181740016316,-0.042830795279951955,0.062146464777424415
-0.07800193719492932,-0.046993349710610824,-0.1387003440224287
0.021984330231983137,-0.03924410232189601,-0.036377494369998264
-0.024899618672668433,-0.013911639823945762,-0.05583360062863349
-0.01383625813353176,-0.03753740933250447,-0.05915701678953445
0.09519706340275055,-0.06767343522019839,0.05190380380048876
0.09340452848764344,-0.07093029276352512,-0.06792353180800423
0.060655913802270284,-0.07303223250396206,-0.0014288463296918499
0.03415477976628717,0.06715088158917845,0.055177193718536036
0.0516987567570551,-0.08915930010292974,-0.011536401020271946
-0.08237712621266768,0.059260217211891786,-0.09235005957438744
0.06377957811894197,0.0710561612930006,0.13592275057316588
-0.03799965695749277,0.05224292755646304,0.03760615818085929
0.0045043502995094215,0.000790966433978843,-0.08417214365657358
0.01850232980502027,-0.06461229821769146,-0.044905123276576774
-0.048728841618318856,0.0776601318574841,0.08133690830875205
0.005050937941056752,0.05530230547893997,0.04163187407583052
-0.09390677458381834,0.0593149822167679,-0.044077414529666854
0.051610412386404236,0.06285235119851168,0.025422819142232905
-0.06042896005937415,-0.07000439409644871,-0.1993009054640641
0.029706061482055707,-0.08881783773811674,-0.045971787801758555
-0.007950905904324429,-0.011709907195762509,0.03034860175684097
-0.06424475821430226,-0.0691731810503486,-0.13437005859322737
0.004493218103880148,-0.016817301739560572,-0.08147839136451175
0.059566644079367626,-0.06295037280743856,0.08578395703616087
-0.008502677649711507,-0.07671595806857756,-0.011135298460799858
-0.024288187726574192,0.032577046194608716,0.08400022638353577
-0.047698751184918044,0.06960437438569342,-0.05443012321615425
-0.05033091964193284,0.07207033164449489,0.10979921703106382
-0.0598513658447104,0.07967989083160751,0.019342178600630457
0.03903446485767856,-0.09441435911905882,-0.1420720650432042
0.08036154784894833,-0.01984631873660188,-0.02183824401588863
-0.062400109762442216,0.08581021954915741,0.06638831826126956
-0.07791622473307723,-0.06908411523011881,-0.11340622664783888
0.09804710370694283,0.004200776047934715,0.07223288087475827
0.08345164935107005,0.06257380085721248,0.14583900399839517
-0.05778151230911208,-0.02613510084393647,0.011000300796250098
0.09754371359996941,-0.08830778863051406,0.0004398577987000801
-0.060281635207397405,-0.03379211671449056,-0.16753932864924462
-0.07814155131357768,0.0810017193499789,-0.06420870554839025
0.09761531641227739,-0.0834757054394501,0.11030343268702815
-0.05094418367058782,0.008222807737265067,-0.1309276818115299
-0.0934567480598292,0.06728993025802951,-0.09718418313772648
-0.005723858290225148,0.08949682056288052,0.08958373770796804
0.07597950188030084,0.05439248710099634,0.20569067335409127
0.06897266140129463,-0.09966382361239837,0.06257497392515135
-0.03552129970578184,-0.04594702434592049,-0.14691947745663758
-0.04589876473119399,-0.037109814541882544,-0.13773958489742327
-0.09406517089169707,-0.02928411584990019,-0.0907582611556369
0.06957329087706746,0.0034350203954126995,0.030355966937080245
-0.06958052112838767,-0.050409183378620576,-0.19748471473618287
0.06844026441904136,0.09876582188309552,0.07000532820724974
0.01763546851019282,-0.022467932042219266,-0.09917788034122764
0.07607758698655528,-0.06839191646788553,-0.015366377356132211
0.08813732696807308,0.03246105823142653,0.16923557013842372
-0.061318668363173214,0.05251847517502081,-0.06496445170085115
-0.07164825133237462,0.017770147790480056,0.022528771750550014
0.049180161222136254,-0.08470024323925161,-0.10696542816419366
0.030845772806756933,-0.03633781037135049,0.09582942956004634
-0.09882429052345204,-0.09213600903615254,-0.09459647246004535
-0.04655699365841957,-0.03753606165726495,-0.0560642490454608
0.06247162829662656,0.036181894637397044,0.1381952570089508
-0.0014585567654471915,-0.03482287272262666,-0.008552887256962842
-0.04309453746894385,-0.007488655944440675,-0.07055350351717302
-0.09130601405691759,-0.02963418831217475,-0.10173195351591485
-0.07295684733880842,0.09918139576979046,0.04915816992526003
0.030589421943479828,-0.06128474301758072,-0.09687715832726546
0.03185233200376547,-0.08502664337493818,-0.02923962915949587
0.04878986912397598,-0.0743527949666003,-0.011652424690959489
0.0419762344547214,0.06096959166174504,0.17884913642383932
0.06412932311484615,0.01958887890193106,0.05494783188401167
-0.051727812855365256,0.06923758578700157,-0.05464657812334766
0.07241603240471695,0.08522169797392257,0.06986687367921114
-0.07507203768474408,0.0074581432063031555,0.01004284786186424
0.03945026961115222,-0.00153251161776842,0.06018790249805474
-0.016739468158443113,0.01678272111446258,0.0895600761859471
-0.017774614249437534,0.08134464144019027,0.030846352471551465
-0.0962315239551545,0.06161762145360114,-0.062280103268582146
-0.06483896642594664,-0.044323308099166764,-0.0641506269749814
0.06694283555959882,0.007350527643413526,0.03749841513503609
-0.0891732158533861,0.0010023789644310749,-0.013502654899228556
-0.008467877232555418,-0.08586639572290522,-0.12343588805829264
0.0036409805834679843,-0.022762392963653594,-0.05274071022288869
0.09100823224700649,0.09724298419946464,0.07499420893759248
-0.05609149207773465,0.0485190348511291,-0.08225716659119552
-0.08087370670610128,-0.06220391563701677,-0.15594285122272947
0.028002678176564044,-0.006692304525531198,-0.007502691665909916
-0.02785649238062536,-0.04955334907891598,0.006271749888142927
0.09837878413582221,-0.03463633729857951,0.16437074467220802
-0.045706686309949944,0.04753445934644435,-0.0053059830999460204
0.08450945499272944,0.05981961737192007,0.05359491140451432
-0.014264291410134605,-0.09314917237359176,-0.17667153837392907
0.09766742589594174,0.02206842516327248,0.05069789799295414
-0.09306588552670608,0.05642663972179027,-0.1236282206128388
-0.02536588720957922,-0.011176612338145625,0.025128182259416584
0.057046335867590336,0.05908278621757762,0.1194828329542192
-0.0920807203460939,-0.04169575986546603,-0.1731746055349815
-0.011222012620977398,0.0074101318506967495,0.0572161061479451
0.005378179523185048,0.05196922187174219,0.01162503867393757
0.01748445068054763,0.03548520046369047,0.10166836143707425
0.08894623546332947,0.004160884212063468,0.15976527633711662
0.09930595442750031,0.020563157579567462,0.11002711354353262
0.053545487703971356,-0.09465813335451934,-0.06858417370840587
0.09273681650622953,-0.06289027274078904,0.06296642758667517
-0.0415267604946326,-0.0011866127918992025,-0.03465599004239378
0.004987358836600134,-0.054959791398312335,-0.014788532234391874
0.01237581691668517,-0.010501002945861981,-0.027397068765789335
-0.0974995183026096,0.009863777685230696,-0.08754484242700176
0.07012087505571235,0.06616159390070003,0.09446897033274927
0.045255320014266354,0.08368246301909327,0.016981884887468934
-0.0757278848711259,0.015229734808256248,-0.12743061265544803
0.09459614343100528,0.061268037583504936,0.08563316007419389
0.08170380889329606,-0.012168802027281947,0.020806114032564466
-0.04772152746430374,0.0942227583247599,0.06187237021480479
-0.030264095592727205,0.03780430001599697,0.047020279549109034
0.07706111829460696,-0.08450478880538932,-0.05644299987920508
-0.09283444661455098,0.003430460612508096,-0.03411233091948117
0.08268308171354827,0.04145561594711161,0.0285426125299683
-0.009011642187609012,0.05372425512237097,-0.01916214097629338
-0.0805301017348066,-0.01871423207886773,-0.05431535636249532
0.0730295030320064,0.04241772274868577,0.10288240857384162
-0.02167772970956386,0.0454690491711614,-0.0223153763295092
-0.008082137745384424,0.06005959987518253,0.08781789913750285
-0.06216652923741402,0.09904941065511824,0.0934501521861882
-0.09730752266296057,0.07817381186222624,-0.12187994069735203
-0.08327222228227629,-0.026235085660263488,-0.17447046408783845
-0.09006718766910403,-0.08921396305927659,-0.13507783063345066
0.009079685100140927,0.06469758067074033,0.08313727230190171
-0.0074019898152144215,-0.029472839923413874,-0.008226232534436523
-8.072268594505605e-05,-0.03867735664278287,0.010017464103520092
0.035582050827736744,0.07263151156343148,0.16245036318019998
-0.024512068914534238,0.03406074035724174,0.0993279805620139
-0.08419853071634664,0.0714224180140241,0.005326616099900976
-0.05127834562562333,-0.07132168906210319,-0.15733250308780017
-0.0004734502683730879,0.0630286899989996,0.009735231849947144
-0.03540648080046649,0.08702916126723201,0.13880152971071338
-0.00902556301979493,-0.04738845867475057,-0.004082728402249665
-0.028986670850629476,0.0033789060462047216,-0.12453226090704453
0.004348724655365815,-0.01836569710051253,0.05859818058067
0.049451671214912674,0.03092599298091156,0.05177626753202384
0.0006792652666790938,0.04176709171841528,0.05537663408264558
0.07911366370261413,0.012867583564265025,0.15741005845235367
0.04545403612584492,0.031033330904680245,0.027981286860311337
-0.08687490040773492,-0.07928848328236222,-0.17503850366990953
0.003909456264952912,-0.017511416008150607,-0.01029330181593139
-0.0617672083558323,-0.057280166249879506,-0.17445537335577493
0.02726669825572492,0.020971848728729786,-0.019084346472035954
0.02663090367349019,-0.047914788273394106,0.03156695903325599
0.05282944225390718,-0.003823276656538546,0.06702947626155706
0.06559858841583793,-0.07134010944490728,-0.06261820964008825
-0.014396274155929784,-0.04135329345118597,-0.044350296053379305
0.05880581934565729,0.06911244797489396,0.16300972429172905
-0.0394238517610932,-0.037037818195000544,-0.11644674481020237
0.023557082912271723,-0.07146568229861501,0.05234192152214184
-0.05068483452986825,0.050407758790026985,0.09294334826504426
0.0050099026796066315,-0.04693862519615284,-0.01139733051858248
0.031348278226885296,0.0075212590372594895,0.05368813515815322
-0.05776950996743988,-0.03968898559958947,-0.1140265391389818
0.0854729933364122,-0.077354108304249,-0.07096317301341937
0.07162431008350195,-0.07107607036841149,0.04452501582363006
-0.04172387697084175,0.07962949635246191,-0.014399525015787198
0.09490858899062485,0.027467883607471155,0.0367988401031404
-0.019044751780029,0.04564481721968433,0.027035651838843447
0.07841709689368376,0.02738382997307459,0.05090907268289634
-0.035263721907406995,-0.042836816981985826,0.00408899228094757
0.0661114184081992,0.02106301168629747,0.11534698114045498
-0.04968197836854498,0.011301293907099039,0.017647888166849347
-0.05411996627656162,-0.09394509688132223,-0.10526539461210291
-0.016327965572327213,0.06787150020943222,0.09748827050058104
-0.06877514362107849,0.09801169906670035,-0.0829102009130995
-0.05094691972517247,0.014179002570851168,-0.12789514392237344
0.08772603763613027,0.09194635929630571,0.2286127723702293
0.06069587464284848,0.050795636020399215,0.14033013059975086
0.004455101098721936,-0.025726326476204542,-0.003883949529692298
-0.056861291560510945,-0.01716969926960714,-0.13874388548280084
-0.01036909802841779,-0.08296440452702432,-0.053554252557048085
0.09123653501772544,-0.0927332760671714,0.033559721715029966
0.04499450755207618,0.002942952119964537,0.02706146430602952
-0.07492717329634511,0.017208336202799754,-0.006481640701391803
0.07392535266115502,0.05904340194004962,0.11354067413258263
-0.0553758246175869,0.020480679576648425,0.052298858720353995
-0.09191062709819071,0.057640467491634734,-0.032454541975731825
-0.06786800529368245,-0.05552525597716147,-0.06477780449730755
-0.059651034111407465,0.09714281592809879,0.11031777138987621
0.0404783690466351,0.0981589592892855,0.1399905342109536
0.05382317191860109,-0.08867498289995249,0.06521642889399933
-0.034102357269815364,-0.011377264153259861,0.05438498131912449
0.09447876208792957,0.04989445530752079,0.06465844983975862
0.0034926609283662258,0.007716683254550924,0.05846688016210626
0.09456472806196539,0.09419210617363191,0.26176532874425673
0.04494425986337808,0.07587172544079504,0.19497844428159483
0.062033508634564444,0.001503706946440156,-0.014831343612095732
-0.08447645876586703,0.022416136584230764,-0.08566017115470101
0.04480023319916754,-0.00053807411321867,-0.02755410304319269
-0.0020519535781694104,0.07458537307223112,-0.01146419524544897
-0.09536373710010625,0.06330862540041599,-0.015747849310303506
0.08615323125487037,0.06837556977851952,0.14398327046385778
0.09836107598706628,0.024179759714785434,0.1386667325866618
0.05316587422660077,-0.013447396550639396,-0.024281634673753875
0.03292466498286417,0.08193479708624166,0.19556946089098112
0.05198570182768822,0.039090423186723455,0.04829798612792682
-0.07342243384276717,-0.09292401129983396,-0.07336528005147275
-0.08912343381575093,0.09435842137317918,-0.06545637703961142
0.02972028182450165,0.04763279081969013,0.05964627561166362
0.07725469258535311,-0.06678762961837954,0.039081660113086614
-0.055389987930465595,0.029364001003829826,-0.1113597837848077
-0.08467800931414837,0.0016890270316602674,-0.025469356626746237
0.029771941082934156,0.0017309185137707878,0.07889927497952737
0.0033317841759586964,0.06245707870859299,0.1560803730445195
-0.02342228659969911,0.046780745933571094,0.10001529223751987
0.0555228367195548,-0.017384453278838932,0.015798293661178832
-0.0011467389141242845,0.09539287550168626,0.012475196172767586
0.012600635843810132,-0.05910240482016234,0.018919803918248004
0.052360281118742,-0.028697167607890026,-0.04719995617525866
0.02385760608957599,-0.028244962372220503,-0.0791867311080884
0.01053256306677583,0.023617216444569405,0.07385282929505446
0.0014985348229652057,-0.029728473088646123,0.016199702435697225
-0.007357487902972748,0.07897162190188287,0.11217790153505396
-0.0028494354328824356,0.06309886716503096,0.08287347140277003
-0.06030527649220912,0.0983515679750536,0.0754370382994479
-0.09118951749522086,0.08021749075944751,-0.1032282032082924
0.017898376852532732,-0.023833141277191383,0.015876926801322435
-0.041810581773918304,0.015570233177531034,-0.06414814697887228
0.035109917218531794,0.031373844569481085,0.03584453521068635
0.056648024097819605,0.07439899283346729,0.10883407722064434
-0.05921203626724805,0.05137052720564886,-0.05633566596823941
0.015778772914734812,0.09187209974353325,0.006391115097253486
-0.04174201323835485,0.09026147842074272,-0.01745694663335344
0.053060795466236765,0.037302096678274804,0.10821884090055164
0.016688730540360797,-0.07588327684250214,0.029838696440509502
0.09827983156201867,-0.005381432250185017,0.07761021265558064
0.004021649658658477,0.008359198224940759,-0.06270650463205679
0.06484030562012669,-0.01673477557087069,0.1268734443019084
0.04943471996303936,0.07530206921965385,0.03895954971788945
0.07457751695403633,-0.05257536947744393,0.029190624400075235
-0.07900924175823494,0.06358040447569446,-0.019636580746710125
0.03950035424518611,0.060819564622215966,0.157839575548004
0.040431316391373234,-0.07333263077583695,-0.0812148208145147
-0.021925085261499527,0.05851073915330504,-0.05406606183673189
-0.03252696174461438,-0.08233419894928051,-0.16031462799874785
-0.07227238199915664,0.06310940795890521,0.07555813296043196
0.015173067063871365,0.009908230410564281,-0.021776201525528935
0.03241809259866729,-0.030124612938367323,0.08606228172638175
0.03882159894939369,-0.019221410906555297,0.08947356110067493
-0.003929139932420236,-0.07621698113696906,-0.04877191829849732
0.018851343849013658,0.08050398266673323,0.012710948337761319
0.09703090594462516,0.0042020481560548495,0.08968735067663064
0.09409408872369115,0.008345084298699096,0.011087605794399352
-0.01667358236245113,0.045477809239124145,0.03492653661873595
0.09777273621860696,-0.07660620998505428,-0.06519637912669492
0.09695990286166889,0.040439110445591564,0.04701383853782333
0.05013034477304609,-0.020145467657993327,0.008697089136752253
-0.09977263701177844,0.007821047681735374,0.006757804874222256
0.01618289216494377,0.032535189045997004,0.04678757129794329
0.09450633234328623,-0.04764739058352736,0.0066901173989474885
0.011605462722983725,0.03202935294364018,0.11167226121634743
-0.0691047513715982,-0.09966081044937987,-0.1280834258653955
-0.020620219640634013,-0.05898855066019402,-0.16330008373495164
0.04702060161188154,0.024611124053227143,0.1195940128153224
-0.08313440370119317,-0.09655302041178762,-0.08359609734864548
-0.044077390545171236,-0.06594607309754003,-0.14899844088334285
-0.012785876872446617,0.0030110225840466187,-0.09236123574005926
-0.057693832015189184,-0.0740309757757018,-0.04113190470499038
-0.06144877032796987,-0.0976753242256748,-0.16865194452313698
-0.055017985862178834,-0.03833031518339967,-0.016998875020319576
0.00043744971628076335,0.012909920076075207,0.05274156296453787
0.07549101531455618,0.01221540178747342,-0.003279537162506993
0.029236549939005985,-0.026223193945523457,-0.0017068122028622143
-0.09015609466688267,-0.07106399610791364,-0.12291788042275487
-0.02111641963724062,-0.0004772254151198807,-0.0555283425015672
0.07137613572314572,-0.08730333586053785,-0.07055668926252376
0.03324403946101556,0.04446088196390821,0.14221967733530705
0.013168961932351661,-0.028975422123296776,0.07789870280048837
0.05683085981546787,0.08343918205004616,0.1932713328045201
0.009364569989133487,-0.032250596291146794,0.044519035642282934
-0.01287395541574829,0.04291465902916136,0.02957366200942776
0.0949367974100673,-0.003299638621452855,0.020524585818571778
0.054285885298984204,-0.07800618014029992,0.0027663689219665204
0.0443319414357381,0.0666899475461103,0.01994963973995295
-0.007594488775704941,0.004124388733706463,0.02737216652927152
-0.033572661438509566,0.03745402335700043,0.051305463434465
0.04673037191623006,-0.0004717178959438434,-0.04958522283657345
0.08268043779571443,0.010233165353550414,0.14179316190334237
0.04449301118624441,-0.011803238636832636,0.07849392847076236
-0.06552079674093465,0.029137974674731337,-0.09680344358416784
-0.0162393513172725,0.061046111038676354,0.006114722400141423
0.0370388447278141,0.09156546905048205,0.032905153527588576
-0.09726369366286153,0.053089346359774664,-0.08565433636205755
0.06540703056777455,0.03963069483223797,0.19419308067365237
0.04905060350618787,0.07556694167513303,0.1436268812757331
-0.04441588270117123,-0.0011640706275619916,0.014537563918117523
-0.023903419881669413,0.06770727787781486,0.09088034214296735
-0.05195912263862741,-0.0396645067213193,-0.16571054808539223
-0.0968462344596972,0.0724924080255627,-0.06150689978872213
0.03977279741697831,0.0657517102623611,0.11186815392808692
-0.04053511981906386,-0.09989188894195022,-0.12140511996740208
-0.0564979892966379,0.09051305559788761,-0.023775498433274242
0.017625285477081712,0.0380873113538229,0.09505614365157486
-0.03773117541463871,0.08181515599888758,0.012014931163006642
0.07455701762766884,0.010741815834938093,0.020136550814630894
-0.0036302710250140924,-0.015847277040845098,0.017654950641297972
-0.04835173925670218,0.03917871347536528,-0.0931599812039484
0.008187664248471088,-0.060782406139288474,-0.030274529445014832
-0.017274366198541877,0.050774115982199136,-0.051601716684738244
-0.07229802341850072,0.037851001522281214,-0.09487413426317481
-0.01146289339106761,-0.05729151297704349,-0.0727505956522085
-0.08033576300391893,-0.01941532288913779,-0.08619105542223336
0.09759715760076262,-0.0012128710468396892,0.1327856094414212
-0.048377122804274024,-0.0910747748051116,-0.1156834996312558
-0.09751139856166205,0.038741275738747694,-0.017711458847313205
0.07309662587077412,0.0643380282401976,0.06405531808388895
0.06200983117701353,-0.03807889971754397,-0.0647615499101842
0.0793862112138187,0.09448651143275696,0.14532281886276271
-0.08425090997678536,-0.03802008746576058,-0.19039182844081448
0.044265667903949646,0.0542997487813813,0.01056765790974136
0.0007898699858379932,-0.06057076230150478,-0.1122625022939297
0.019389004951254757,-0.019990029163686723,-0.020996413211563463
0.016947988489679267,0.09785036803279654,0.12153020459373985
-0.060895435639433206,0.09559597414491469,0.04701533180107748
0.08248663158816719,-0.06872049257037267,0.06278974005715934
-0.09248886135160345,0.00017517483752713114,-0.08956006137888574
-0.06643846005635075,-0.09760351833554642,-0.0683213267836687
-0.04010718982612332,0.05463184310492472,0.04580475870670959
0.08721291632942929,-0.038610275934756036,-0.03878674133283393
-0.0026001246900997643,0.05301853742454071,-0.05349897622462221
0.03978389952841646,0.06699779071423728,0.11402420854124114
0.01432196999887378,-0.055711542642399775,-0.005217456993239625
-0.03756433443764134,0.019285591727838697,-0.10723722788947024
-0.0924922282914914,0.06269638577172276,0.04964721749790375
0.060809678855787,-0.09191131762892385,-0.11199366457929572
0.03554913900482437,-0.03797708348099427,0.0004694652243090653
-0.016584567660797772,-0.08631122450811235,-0.03142621861237305
-0.04221218905632871,-0.01672820611334383,-0.0734776717054996
-0.04946818228947798,-0.0908910097064773,-0.08142029035006071
0.06982717069801042,0.07310860536026545,0.19933869315222277
0.07101772257919181,-0.03105958333574428,-0.03239762137327656
-0.03738928049287993,0.03577278894658184,-0.04455602983646869
0.04786981235890195,-0.033780493124699995,-0.04185425683947622
0.0890945706072376,-0.05859464920683788,-0.03549677733064416
-0.039552265422370496,-0.017314481976482846,-0.10459738797771825
-0.008137677692151193,-0.02788843549651275,0.02975284925796421
0.06551198609771425,0.044377041312076704,0.16509782018134245
0.07933164950191338,-0.09679083442404844,0.010849765878693813
-0.02513054458721796,0.06875443896333083,1.3512960714383293e-05
-0.067014374909337,-0.07037569182782466,-0.13215492475639207
0.09890051470242642,0.019767376870650222,0.12391974990283423
0.026373211800293533,-0.09010953184131705,-0.12051485044219569
-0.05299355808362101,0.03750971328066721,-0.04412006802050879
-0.0016695796017279496,-0.010934072900175743,-0.08871503602059218
0.0796105794117177,0.056861053964866265,0.21627094942287184
0.02656377959807027,0.015109614981505162,0.08011871308532567
-0.09218727365813179,0.0918668019166434,0.01579381851814733
-0.06242789861469884,0.09402440184155478,0.018402323715598946
-0.04287511340821031,-0.06516567920876293,-0.1480573669203948
-0.0811627407335126,-0.07207199547967823,-0.08442805980598403
-0.024641417689924158,0.011937263404298432,-0.08223343770315952
-0.011420194643496723,-0.045161662522981864,-0.12403947930520981
0.052252448769554566,-0.06739976915620746,0.09191819092171545
-0.004169146546798119,0.09850797904542136,0.07252943866803774
0.06348899635934827,0.018153632472040854,-0.013426749277984748
-0.02087692371495102,0.01676530431393289,-0.07421135307223915
-0.01646509607553695,0.04932085134799363,0.06245644186971956
0.005430146242307615,0.06472910907408999,0.03401527578752254
-0.048212825387195735,-0.09616906497959242,-0.14596945778795994
0.08774142794647913,0.06352939189589615,0.09841800139328571
-0.08158483926534053,-0.0024783660714679245,-0.08675134443653729
0.08805752834294003,0.026161279272105598,0.18755419603837137
0.03735310534299924,0.0654130214030412,0.15506150864480384
0.05143456466571461,-0.07264114066213256,-0.015285210522081533
-0.012173184289658814,-0.000192258393120176,-0.09004255706099723
-0.017121249004234534,-0.09992131791233537,-0.13453851022766303
-0.094470271353088,0.06958537699651779,-0.11469074801458883
0.0364004800168774,0.044267663631340826,0.008873161505722427
0.011304586915559398,0.08435748957668254,0.17024946056050053
0.02607145042113293,-0.00015992275518232624,-0.006830138154459896
0.09860269845372416,-0.017703005318846762,0.1048249047028514
-0.01735631554305854,-0.09119819267105499,-0.1082872070057449
-0.03097761265289159,-0.0796282746366261,-0.05143472732129216
0.08940099061978166,-0.006645872292839972,0.10954424257670027
-0.01679326135176444,0.018263730564221967,-0.022517286918558865
0.08493041066659626,-0.011853275042584002,0.16080930245462183
-0.03995432768180854,0.014131790416971102,-0.10751373082107644
-0.05926541347839281,-0.09048930853323785,-0.16804460799155682
0.09234362068541316,0.0978821782762542,0.18093083440711683
-0.033754305971606544,0.011540260072004954,-0.08377143887388513
-0.028801885945638525,-0.05295966408881558,-0.050589735272803374
0.04934936941003107,-0.01092047196137684,0.0695629185968998
-0.03252001870698616,0.017653535751034607,0.030144474709263243
-0.019725543070086587,0.08874568600145871,-0.008122980869532531
-0.04768393624286196,-0.014361763841156311,-0.0950154268538508
-0.03686027432640611,0.03480008218067593,-0.07363897512898353
0.02339870445985552,0.027842055758047518,-0.0020587549980334782
0.04595108672786727,-0.08091091678779538,0.05878873540374821
0.04645500063162594,-0.023712216203274017,0.06155859823614247
0.06651252319096956,0.037098118517913226,0.08205918450282204
0.07120920378982756,-0.04400730331324947,-0.022208005200078366
-0.046515678169235235,0.05003492300203255,-0.04580722367987875
-0.047333372044414124,-0.03731642314994868,-0.04368721084573515
0.036531823371097005,0.010979239308057887,0.06546308932394493
-0.08404255084889932,-0.07731993084595197,-0.09878798699883068
0.05869979990891008,0.004883727379561623,0.039223469842589995
0.040985377998999206,-0.0645936428343756,0.08211006630655053
-0.08977776270549698,0.06944656304376098,-0.06301683943685964
-0.09041978291389226,0.08620013697882525,0.0535047671950986
-0.003957277980344398,-0.08594374199811204,-0.008472862008210222
-0.09154273113953847,-0.06302894806577056,-0.23219674856776454
0.09825419012746439,0.01698955824904727,0.03300382560652468
0.0929852085752168,0.06347989340337756,0.24362423484426524
-0.0023172069639089132,-0.07454993985055947,0.02931164869251046
0.009262114751441008,-0.0006321543045913619,0.0887393071106154
-0.00981914491981753,-0.09839598380745458,-0.09987883741409657
-0.058047539143141536,-0.07404576694627758,-0.171865027311228
0.039846821791151704,-0.022353018696528434,0.08819645260538599
0.07516154310277426,0.09739160594694338,0.18677994690139724
0.012704762852637802,-0.0670618424766464,-0.11795772619933031
0.05757920699642413,-0.06019312265369561,0.0225914060708663
-0.09734806739822129,-0.09481870320064066,-0.2217823896387544
-0.022503061538700964,-0.02460992877711929,-0.1426693911153498
0.029994141020870724,0.09749224355210975,0.07302854762946934
0.03221748766410881,0.07193632745573439,0.10245631728492963
0.08415080079872783,0.02896431440107372,0.15400728981668477
-0.029958787145120375,0.049485256515671705,0.059676380105078655
0.06644171196109522,0.04167368770106983,0.07739900654434062
-0.061334065466234926,-0.058105627609275096,-0.04905917781926353
0.039860148455314104,-0.03964763641801512,-0.040571017025217135
-0.07261642911407072,-0.04998607873542962,-0.15437323668946332
0.015360860115395766,-0.049363713377283805,-0.051326231237967784
-0.04357686446916951,0.02692891994108665,0.003606369730917415
0.02125817151492297,0.062129075989350385,0.09747346526792036
-0.059193408154272764,-0.014239504266369635,-0.07264787010486458
-0.031201157707892918,-0.0270308315194953,-0.1360342986671321
-0.044736458500514824,-0.0803986599492203,-0.13046260865452727
0.07383931033023061,-0.04856690248170484,0.030064712838192377
0.033681439170274274,-0.03021548650401505,0.08538496558082335
-0.08343494761212554,0.0891336177074514,0.05183639072620251
0.0771537315184613,0.02261684215160184,0.16746893728363177
-0.07354222615023256,-0.08359929045724741,-0.07994317294273617
-0.02206293737690526,-0.04255116002222053,-0.019475701928691046
0.003260999637529974,0.09350887499897781,0.08302863907683362
0.01758081525503967,-0.01661082117747696,-0.08219466185667626
-0.05757520994796872,0.03760259982896039,0.04627880740361886
0.005048989701179021,0.04658545254770147,-0.02160387407953688
-0.06964224198854646,-0.030192052249694054,-0.17087459802766863
-0.04066070501349575,-0.07210340538062095,-0.03849340581438854
-0.0846253566896723,-0.005768777298859468,-0.06299297224524388
0.008461963077137827,-0.09212839163539506,-0.1442920396102138
-0.022264766925465196,-0.0534915593388176,-0.15735352468358973
0.04679319605854185,0.08305206930570902,0.07345920080891963
-0.01682230491047529,0.047607551446915475,-0.031105629737703533
0.015390699329190322,-0.07098400830880909,0.01731599222383568
-0.04739079654123977,-0.0028783733505256953,-0.034370228066824354
-0.0939353625612463,-0.026420746199450965,-0.189439954557807
-0.07986479132806312,-0.03632117543788671,-0.1435193769730495
-0.09030500906074904,0.03966415642893553,-0.001997270963510503
0.0773218407986169,0.03489069467301101,0.16450876646686535
0.015711764478839887,-0.07310523043986122,-0.024431134851419234
0.056533538244359,-0.040682170152050716,0.05934685818495851
-0.0843078511399184,0.0859056560217043,0.026585878201636205
0.03663462634236708,0.025964403111602086,-0.0188095706233029
-0.0010507520068527149,-0.005545541400480844,0.05873438459479999
-0.08806874074856402,-0.04246511485861575,-0.02399966866241718
0.07698247775579514,-0.04638382057088848,0.09052748543660549
-0.09436662432228618,0.0006510721263502522,-0.11219383553472562
0.04412733035598232,-0.00015345110649209182,0.058729168977631974
0.02785695623830242,0.017294389452029768,-0.018799990272603727
-0.07406752305452302,-0.050701575680189605,-0.1292323773599484
0.07897300616728639,-0.06322506420424363,-0.00396123635711149
0.04050765365576148,0.00025559292919212495,0.1272204948590434
-0.07345443966889512,0.0261238662300127,-0.07465853188354848
-0.08428185331725908,0.09649368842908101,-0.07383280960855163
-0.013095722704996662,-0.011120506225976268,-0.07990207845584295
0.0985446461972859,-0.02152396338906308,0.1606453507180458
0.09126655808722009,0.006464272768865215,0.04630740770222745
-0.07383815128421332,0.07383304906386684,0.04640606055397291
-0.04088632842737856,-0.016786686419391225,-0.044306355086201864
-0.06721268435128602,-0.05504034630947455,-0.022038225852579668
0.07512082929002148,0.06976005367499077,0.18431266679450156
0.059754003574435555,-0.07671713332040808,-0.032543607121215276
-0.04154449288845277,-0.09743812767818821,-0.14386858867044583
0.07948512776787114,0.07852993506674374,0.17153627868181248
0.009876001023879935,-0.06714548191067948,-0.10715389565417592
-0.09266545867225569,0.05016487524555899,-0.14314029299705294
-0.08191670141953529,0.07155434832703753,-0.08473028065743159
0.00021752923825055226,-0.07094597786275454,-0.06629693234259249
0.09316626330256358,0.04388486374720191,0.15681353506711107
0.007343078251105431,-0.01892020715210381,0.018940258195765166
0.030330771453960098,0.09107607377005564,0.11857102932013827
-0.09396693867786828,-0.09137821239987237,-0.19572881560761934
-0.050915618875974046,-0.05381037656684473,-0.054997889748104045
0.09115180811897647,0.029016656663989226,0.10693619782924689
-0.005565710203591229,-0.03046573555474684,0.05928867264431499
0.05812345765099067,-0.022529969203069336,0.09025420872681247
-0.005837669748671656,0.06517966939350736,0.032705165966876025
0.03544794272724899,0.09757038522384956,0.07773871411442665
0.06936689038354751,-0.0849254884173944,-0.05391582973077584
-0.07029989619933781,0.03322352976605497,-0.015051710290983837
0.017894227616583033,0.0813060401801384,0.03586385630280657
0.03886694312395028,0.09393898131199707,0.19898455167494644
-0.08135917960699586,-0.01529754932585023,-0.06212776144312611
0.05989795202262452,-0.011209142302166158,0.09173487704969258
0.06955305225798533,0.0740664916435407,0.08548437933719516
-0.03194566952487095,0.015473742815318325,-0.009510639611426269
-0.03377968849330075,-0.007376131708965755,-0.038102315903522484
-0.09307923480094873,-0.07835541091963015,-0.09628917155785335
-0.07980011983463964,-0.029864420541836606,-0.02149150931493686
-0.06654529826522504,-0.056806607264898196,-0.10791758310697722
0.04734396256673837,0.09171655046090271,0.03528480101702089
0.010731859325761511,-0.06545230441710509,0.036219693716953695
0.08545070115322581,0.08783779142383766,0.13861459473167925
-0.02171733909333999,0.09050204456650324,0.012038246909650045
0.05002091824685434,-0.08931943511131982,-0.05456979878471614
-0.023190227954294748,0.09990029661989366,0.05563226821800957
0.007595530592156674,0.0746909879166783,0.011069118811240702
-0.010504101729145315,-0.030766627654455883,-0.04412868264151698
0.09609912646159524,0.021408603158224196,0.2074243542724308
-0.012540431383388978,-0.04736792956845846,-0.037693536119689335
-0.09016343553815548,0.09310634714818972,-0.09347010619073765
-0.09006457912036388,-0.04802369871613517,-0.09136112021326842
-0.018932138371324167,0.023102689156727044,0.09652341981540251
0.07692543732724383,-0.08774388733877903,-0.07233182017114133
-0.05301603742211676,-0.05028460565650275,-0.05031509410523956
-0.047937088437300296,-0.06231549089859181,-0.07914183279643855
-0.00027480066015458937,-0.08601249867139776,-0.1535688707145489
0.03151186267172054,0.07491330228700455,0.1838228496286403
0.04028116283703448,-0.05418089681443943,-0.031141816504606675
-0.09889839749448644,0.07811621788682296,-0.023578449536241112
0.08542529555894471,-0.07691333829998215,0.1108867824471042
-0.025322556128997434,0.05228837839557862,-0.022749627085119677
0.07542030828978552,0.030442307851774736,0.04173826168111933
0.0288858225761566,-0.036101880930482166,0.05590296377499997
0.03202742460005664,-0.06088806639197222,0.0004989599976361787
0.020663034462424165,0.08175125213600107,0.10164021307110034
0.08090066719832947,-0.05688936896526051,0.09552052621535581
0.03694235453505665,0.03253223421739404,0.11060117371943431
0.03685081758843384,0.020009612660583737,0.11645938234931719
-0.02350876861642652,0.08097815337287134,-0.0023134050458937586
-0.08326845372409784,0.039898182477679234,-0.06509639706429118
-0.09632077573181486,0.08595831444805282,-0.03455278686903973
-0.034631798506411,-0.06534773338852598,-0.15236171157608328
-0.012958267077373312,0.0925735466158702,0.09608896504882225
-0.007048274264172344,-0.0955441774712548,-0.05093922605613843
-0.09770750479290435,0.05665386407351422,-0.017501571557114362
0.032501750358547105,-0.03100990085534394,-0.04731727882220826
0.08117285178448047,-0.043262022741915665,0.02492081363176489
-0.09499704421372974,0.0007180884860396863,-0.025345426564475193
0.07931809858042499,0.0424369911998827,0.21217807852591347
-0.08514911644398274,0.08704314978004205,0.08496409202978139
0.01406857213978105,0.053192802789581856,-0.02556132451171341
-0.0045995445376810495,-0.005529788371640643,-0.08616735213264139
-0.005760951433087275,0.08564097434253662,0.1067853913245934
0.05349076429470723,-0.06875799432459449,0.06265191685258326
0.09754843536133892,-0.054815726479548736,-0.023964126089439493
0.06523408838334874,-0.017595717540871636,0.016496214384769052
-0.018737695446867722,-0.09920558950430398,-0.07215232651511666
-0.012841543373327241,0.009197851649374589,-0.0965100968206467
0.06810652758949465,0.006567694996368778,0.06385271880076193
-0.015561611306461692,-0.06022452143456972,-0.16594028073408762
-0.06702350495247789,0.027341485411039035,0.04171561042727729
-1.4559470026195842e-05,-0.0003614629050154444,0.020779722135769705
0.05368776628061614,0.0766369407252959,0.029226253305882216
0.0024102492319977575,0.06529258673320804,0.08093967735970276
-0.0229871756101607,-0.03354877804116088,0.00024769569862149315
0.014352293734867544,-0.08068925792250703,-0.09483846777922478
-0.015252048103508414,0.0025923119207359457,-0.013367168424658002
-0.07466494202239704,-0.030902616923111276,-0.1298321306498445
0.0890589555094575,-0.044820109629032934,0.12313570250553521
0.011037028427423684,0.03291655332882931,0.04827622423448479
-0.024575477170896032,0.06278105357930613,0.10020061858223343
0.003779430816701873,-0.048858641017721485,-0.024359640954412634
0.09967243639748882,0.06632092426176814,0.1224827100187351
0.04689293256148919,-0.004777771340344766,0.12398675686905983
-0.02893267264747626,0.07381942242312861,-0.004465972587515583
-0.07414103638753276,-0.09207250947662449,-0.2306571661534133
0.09384114767275883,-0.08021944520361353,-0.06609267931244081
-0.010517598749151882,-0.007475734790374666,0.07822828303685449
-0.02262659890443168,-0.01647709176770526,0.0311648140985534
-0.006609026511170013,-0.07732713183658045,-0.04555267593264954
0.09733011935527533,0.07581188431147376,0.15642435935751453
0.019140752441044767,-0.03386552579023368,0.06532452235199403
-0.090414770137516,0.07326679245500767,-0.012031000003181445
0.0953958507208785,0.022665780766560936,0.17651075415416206
0.08512664629002237,0.014670293458408132,0.04766500732977682
