higher susceptibility to develop severe covid-19 infection,the use of ace inhibitors,hospitalization,death
-0.09761646874399747,-0.12469897362651146,-0.24472518804920307,-0.09731181501955247
-0.046038949760934644,0.0432742863616092,0.04877600946540994,-0.10287682045845807
0.1082419431037811,0.04050712539903514,0.05359665190868991,0.05942713374533162
0.0532622048413295,-0.018996075866562753,0.12582281623583336,0.15977722425573973
-0.1198855373626821,-0.1812968628572037,-0.25888524442133176,-0.040965676921714614
0.12296414909466857,0.10376828355613668,0.2682285550659631,0.0887262673517332
-0.17478553573788586,-0.020803282668793416,-0.1157028741883947,-0.1573630368854818
0.0015762972531753383,0.07261269417358067,0.18622271707307014,0.22088171372956245
-0.036387530871906486,0.11123435335706691,0.09964822792837116,-0.01903832529414045
0.02710982678492694,-0.08575830688925282,-0.13412956277031812,-0.0441103077583931
0.24459111044144155,0.13208514549276726,0.2712813174867391,0.25955265931278027
0.0874266658242428,-0.049986735309685934,-0.16998815229553804,-0.04108712516564088
-0.08501889970760314,0.05201384302169017,-0.06103611744728143,-0.19492020121169565
0.012944639046653867,0.03261647148567013,0.012836513311093093,0.02076953433456805
0.010515339145987894,-0.06061529097724475,-0.183204914288828,-0.057134539089473246
-0.15439871640621158,0.17442745771833468,0.2569999153803004,0.06417284307201354
-0.13389358759884815,0.19698330264664346,0.1778992219352525,-0.11375746617815408
0.07143360929967521,0.03937306288659472,0.1220536774839259,0.09252581514197783
0.0045225480928337706,0.04008150552340448,0.08530360736200167,-0.1178021012533296
0.07727514344878716,-0.08091621732028947,-0.18905880469666175,-0.17270757842739742
0.07544190343834745,-0.11014190829434459,-0.184204638550361,-0.01197043695685669
-0.10708400909832608,-0.053789711486081505,-0.28909705339696445,-0.39730105243901875
-0.19476466016538152,-0.01992309939748379,-0.0632694470163131,-0.18612530172433583
0.07147622991780204,0.10839937107895747,0.10482981982754555,-0.021324238260721187
0.1515185737167235,-0.09051258699601378,-0.10568034506712987,0.005588263136474619
0.19505914721026152,0.03929002569640242,-0.007700286900044574,0.10786294226863744
-0.053076631940156486,0.017210635706294584,-0.03133737293071204,-0.0523915647109677
-0.05677291223126338,-0.00034835989724979846,0.013390048117760657,-0.21504297531789124
-0.045412740229935904,0.008662736481283349,0.070305821141471,-0.04018700955503012
-0.03120912143835552,-0.01576170262717592,-0.02694133861896704,0.11543630833385678
0.13218181030485238,0.16900798624762406,0.21668860261212108,0.06747133919773426
-0.032467266557631894,-0.05935873499554192,0.10033882522908583,-0.01780524471378525
-0.08681040756942535,0.058323033746768775,-0.09340189588777181,-0.17373738061204316
-0.13296975334926095,-0.13079022694051118,-0.11164173488905767,-0.02234330350101387
0.1926148786585244,0.03438716416506189,0.009630688881575082,0.15914333510328793
0.09010134316217797,0.1368752106888557,0.1752190672728986,0.03817878935101542
0.15281823081058094,-0.10513457069453613,0.033963570310100846,0.13455083167407456
-0.006876924782705198,-0.0986833123286616,-0.30551552161587403,-0.4006984619729441
-0.16988293517319475,-0.15467817957295266,-0.3202997638522732,-0.22934092797416405
0.1575378329765366,0.16977307012151235,0.21948893822542623,0.14451940884992776
-0.061842993928483386,0.18562844149123145,0.17355821520977147,-0.06636220540821285
-0.05637567179453348,-0.00961047632827967,-0.002675696939169126,0.09130896509757509
-0.09291616478530845,-0.04053552688891868,0.16688307362598467,0.016082826302613568
0.0067415077594937065,-0.08308304198606901,0.10391767080169242,0.13218810342572446
-0.1014359803149898,0.032467310656448554,0.014316392814274817,-0.1581418329170977
0.031444584659309695,0.16134113826331553,0.15199879719024703,0.043945780603642806
-0.020507355848170934,0.04854985592050541,-0.0432739570301605,-0.018041920555097457
-0.027342892100686217,0.23383500745820163,0.3056229459208586,0.08840140918975543
-0.06289374093688972,0.03852062010132402,0.1734174380612363,-0.09269517319332574
0.06393683829067774,0.1115120490897237,0.14362978998208747,-0.048062320597279724
-0.19677243224374424,0.026557755065720626,-0.21438124630005986,-0.2502319820929054
0.046302833596407855,-0.038256349296039896,0.20730324452390786,0.3340515232377031
0.024624094226369117,-0.06147456444179137,-0.048373375679086165,-0.1586314148408082
-0.153141648773432,-0.0555414930699646,-0.08163818087183206,-0.01418399056404017
0.03285237724509841,-0.01825972858277581,0.12135717729499865,0.04203342851186681
-0.048401554845280456,0.159104234278336,0.153750949299852,-0.24841702256887938
0.049053365755827055,-0.03158601232066,-0.0996571519947948,-0.09373402803618974
0.037052920579227815,0.0017382210034083965,0.09318626781639879,0.07588192085881701
0.10677858780161363,-0.020845096616666905,-0.022847314995401397,0.2544383518139472
-0.09175929949882929,0.09777208529420668,0.0017001051810911078,-0.014847285494901774
-0.08872895407714891,-0.013646641704403377,-0.08074065057757773,-0.15829017915958232
-0.21321077034883543,-0.03656501150196563,0.020925409837840143,-0.21974306228626098
0.05523510214449423,-0.06111248487850516,-0.08779526001915365,0.08605438775217723
0.00836733286953163,0.03372243937788052,0.13567087893028718,0.030230300330380933
0.05108533308566934,0.0010404979920239702,0.06333487664021159,0.049186672171580466
-0.1444636573188049,-0.191173833044762,-0.35323799992781046,-0.13543042450064174
-0.1106156229146962,0.03563427902999692,0.005014616427515623,-0.23056759151041928
0.07720525092492309,0.03144509119259887,0.03348601039071399,0.06528436790973599
0.07299809887988115,0.07610410514371138,0.035024100710168496,0.0423614630466024
-0.07359777672552124,0.11458344518143648,0.07386884908876261,-0.19092235546679154
-0.08655199008336736,0.022247215842540025,0.1367934190719604,-0.2051698335990528
0.029485446985004705,-0.04092173910738221,-0.20889764323026058,-0.04526359723038412
-0.006293499745831668,-0.14874807904737217,-0.2381214665917472,0.06716072075039314
-0.006647315947259373,-0.0021707063431337624,0.05052194429249358,-0.028569409201842477
-0.06340182524570746,0.006723227767003611,0.036366615681027094,-0.018750666260200638
-0.12295088151724352,-0.013341850191169508,-0.04023416485674463,-0.06935831535408984
-0.004329636269231069,0.13300481718977658,0.06359883577714515,-0.23646344396452484
0.06154643410158911,-0.011508876755961343,-0.0053808927425157875,0.1392293497357548
0.1748588423067451,-0.16405279976528994,-0.3127344078914413,-0.0592391787047459
-0.048909966359266296,0.056997971392903114,0.11782860647753164,0.039657580594643894
-0.035307316701745334,0.054364194574931114,0.11929847453976505,0.0018828808267768588
0.04510570167655573,0.05957051351416334,-0.09631405322101659,0.05280381647240073
-0.0029412041390460344,0.1897660134650741,0.03759433597975345,-0.2984361904786015
0.022222732056036802,0.11618711229213093,0.2220481364670707,0.04359102002190215
0.060681481736549206,0.15578428124740162,0.31893632232963576,0.2609747296196204
0.0023307175336766367,-0.009215512036803559,0.05383504576337836,-0.00828109164902427
-0.10550149252655497,0.056433329233742696,0.06373252845876941,-0.12879713861960437
0.1214016229383995,0.001578430767203082,-0.04044888581803486,0.006185948261369922
-0.06756093989575768,0.05302910277213146,-0.02763108590805008,-0.1740675467179586
0.02871586245069004,-0.03124673510477856,-0.010779171024786996,0.07645244966851929
-0.09792324848244491,0.13466093413395885,0.35722044105379963,0.09899597246962875
-0.03126014230453618,-0.050853760369702884,0.020189264488711896,0.022267912053316227
-0.08386214513760124,-0.03233771638424112,0.023872921473242555,0.08426447357822285
0.017439820982784487,0.04872390786661053,0.11711916885221227,0.07761879431234069
-0.04320208057388908,-0.10574405269397708,-0.15383652782299442,-0.1067383106614167
0.001969751394104063,0.041029403204671126,0.03290579622463212,0.057520808869222166
0.10644164225129243,-0.11876635436876432,-0.031422545765440596,0.1010469562897936
0.029828049500026283,-0.05987069694351297,0.004342844577879187,-0.020553549455609957
-0.06574425440216607,-0.016329745095759615,-0.07119587256495416,0.048230810191533316
0.12517471146417664,-0.05249837230845516,-0.165963446723969,-0.17846246468990754
0.05216392625408006,-0.12213473535163757,-0.12738376091819065,-0.02271920113208461
-0.21331095033785752,-0.03900552871375206,-0.18521089160439194,-0.21805486142289776
0.05093595146418452,0.015334123694690258,0.05922566089732129,0.03974609099057537
-0.03146132238785431,0.06148949693699255,0.04650026095951498,0.06207787752636819
-0.03680373985973793,-0.005727871902683451,0.19730983690214604,0.24419502797378567
-0.02098471176836279,0.009721723183583315,-0.08214226425126578,0.08459632034922644
0.00699185831694726,0.09111548323847328,0.29180855614915907,0.07676641022593562
-0.14309968722762503,0.11708087150770655,0.16567377903758002,-0.26495361264278683
-0.06640552623440554,0.11297112797459104,-0.04561455366030663,-0.13911101751694968
-0.06702252900908487,0.12374308232596261,0.053137298845094966,-0.13481336230754762
-0.03197632485503268,0.05902625885835684,0.1302976507611438,-0.14313232747353888
-0.08169349061301528,-0.06958931418058849,-0.1542671643423602,-0.2354321218552331
0.05022371034315,0.05097353491172943,-0.07054781967472723,-0.11760407868147638
-0.05130688374378356,0.007057369932299554,-0.0013766642482941573,-0.01091381283837102
0.017907323368029717,-0.0016444724226853846,-0.08427663656819252,-0.057310556060301374
0.032600704702902356,0.17380043499845194,0.1617281640913556,0.08902985079714099
0.0977757396044179,-0.06519681258762842,-0.07134732717238935,0.04616657410149139
0.133284661440728,0.09382870074096827,0.03098218667034873,0.16394081207992497
0.0877095771942456,-0.023109505823644343,-0.04298713966736708,-0.03796521389683082
-0.07258371680065721,0.1205254664125898,0.15851579934485022,-0.11298622122953986
-0.0388362181461494,0.061185864144971285,0.04446293434915473,-0.13895690194599364
0.03477212658296771,0.05314891752610362,-0.027041302024923344,-0.04232631648369502
-0.07750548866025425,0.06009366894504462,0.05979955237113905,0.09170459327304063
0.03908128682457464,0.11436288418632318,0.08807753578800336,0.23097547048454153
-0.039025995158358556,-0.01859511268643254,-0.15463754095645013,-0.10944334243130338
0.0031511635750308847,-0.07348519379597634,-0.06892403346960198,0.09713183365160448
0.07751547569167752,0.03976370939507988,0.09700820272895704,0.06555651233986023
-0.0026837128296577726,-0.09050864237698379,-0.02995148876475691,-0.0347524074874442
0.020890336420928957,0.24412021379409599,0.4230689706211537,0.12520282734913724
-0.0772144855310594,0.06154288735092628,-0.04864533903836539,-0.14550551461139014
-0.20470776516888534,0.026222140854275957,0.027262064127981774,-0.20879376367653518
0.11989004447213623,-0.09492044128389766,-0.2640164522321858,0.019823693088497053
0.08039853908360609,0.022274133273784594,0.10801602949684197,-0.012151100178244473
0.03668579552145497,-0.10336429254536833,-0.17315970624659077,0.01376136734150395
0.11557343256901083,0.05310652521485614,0.18224510207321906,0.061316633313321045
-0.09439370717764825,0.10197647454638491,0.14752863078064105,-0.13349664124009666
0.13927080361164745,0.005754122116638832,0.04233222788653182,0.17462759602355188
-0.005307774874910241,-0.12508209461344003,-0.09691220933484596,-0.11930005698909141
-0.17934888417466655,-0.026108122373109627,0.008053619833563667,-0.044559154608070105
-0.23506961794817288,-0.06477745114245628,-0.03390013744939925,-0.19696235886076013
-0.001614101832428133,-0.015881737485602815,0.07095640984659636,0.008280308941735787
0.01976574741128337,-0.0035229186818882528,-0.09738488444622835,0.015787689135533835
0.006930633333311214,-0.021096367655648263,0.04513108004944502,0.2827036959826962
-0.11584493967070518,-0.02736037220340028,-0.12593118217002794,-0.18872406243209283
0.07793047460866465,0.05013871695297929,0.006517364604986468,0.2222161704291756
0.04731193168687986,0.12965695800240404,0.3048895625853888,-0.1286987857994405
-0.00989180197039457,-0.17312242734334726,-0.15765495823825557,-0.1210638542264004
-0.08804718530064064,-0.03871867889381442,-0.1804388072119535,-0.200438301660674
0.05667234395189996,0.05014044158805628,0.01880102465251119,0.04933384155340208
0.03796681305775035,-0.041308306950879226,0.021198788269592386,0.019214168792747184
-0.03618512535146994,-0.1627680913620998,-0.17067196847232022,0.09848559597235683
-0.10420747951954012,0.006078787845052967,-0.08096268606708568,-0.1033588396646729
0.024463639142266323,-0.23195468320812207,-0.08117342586935003,0.08555371567991635
0.04197002295312779,-0.0983345861072801,-0.0063070413235116335,0.2999483234993746
0.0065962915712413864,-0.24985453918794112,-0.21011353003079314,-0.08249462546347686
-0.14312726500465087,-0.1219618586279208,-0.04179532765400136,0.04220063024122988
-0.1131974071774661,0.12024795692182302,0.16760361085337766,-0.11069301519347766
-0.08707086351414757,-0.2377951389972365,-0.19029693062660386,0.10769017369331352
0.16177145005811963,-0.1673170556085602,-0.13183770231415187,0.24305514004780232
-0.12393066769637458,-0.08826243784094874,-0.09730554889023832,-0.1317345226533389
-0.010751400161942473,0.006994430389961507,0.21710391521268355,0.08399048780839999
0.05118276422650941,0.08682360279818965,0.12749641336050024,0.10393182283152816
0.11148557958762557,-0.19773107753994906,-0.2624801137636785,0.042733829258354145
-0.09837546158337525,-0.0616132803926996,-0.2579391004033429,-0.25136971131658736
0.07398922368865866,-0.11259391415097855,-0.1403151178886436,0.1817934941645779
-0.10444972315287451,0.10208054522086954,0.09011496455494128,-0.09800620898948276
0.027583466607332296,0.14238428805878026,0.10421704006946607,0.04024676990177829
-0.14794272292112948,0.09616015433187862,0.13587575199874258,0.03417105568972223
0.15566139268535617,0.11336436151924903,0.09802629027405896,0.205474905333408
-0.011053443390203525,0.024033093979987003,0.04788907643176465,0.041916421307992134
0.03047123147607952,0.016358552619068472,-0.062002360743646484,0.02216428937913295
0.12850778518351344,-0.07051337442679514,-0.1197012966802316,0.0525908711490828
0.07030819568366847,0.04392977577301605,-0.012256266767145828,-0.14030390316265995
0.06094972369379014,0.058663308706278006,0.10242239245826679,-0.08749424819969949
0.02152322669797442,-0.042061103568783176,-0.12775520620255193,-0.07341186240476948
-0.0471391581344688,-0.016565053723184446,0.09838136596045782,-0.019437695775611163
-0.11440134798621832,0.006361285696519186,0.03408893974255899,-0.06571700274528418
0.07911613639884094,0.17879690011373095,0.3343604659590363,0.21301970214796873
-0.09528036809486529,0.01431299319680289,0.0684340993975165,-0.1312830429769338
0.06722677089852801,0.006162336516520122,0.09151854652731047,0.09859350121909363
-0.09691850614124196,-0.0018131389734301136,-0.1329655729010721,-0.19836781460297784
-0.04981034085938624,0.0700672127819748,0.18592751113375397,0.13679768913211152
-0.04133761375513262,-0.025457333384955858,0.039000168263074717,0.06576108294923014
-0.030317346892316705,0.03725727782050427,-0.0027715494672299334,-0.12081855797721264
0.004357665541318001,0.07210721731969805,0.13144233261350668,0.07906248943803856
-0.07653788473036038,0.0862840272178407,-0.03310240289660614,-0.09459828636458768
0.05736911178262477,0.03454194767584406,0.014224027945858149,0.015917014910856155
-0.1841316048521659,0.0014954224474203655,-0.009425210100950402,-0.0008586725777185722
-0.16651755676636665,0.11740131533391862,0.06921247305276856,-0.2888314913648163
-0.1438603157953293,0.1404758700907049,0.013545187894797625,-0.11448169316734673
0.09435700596605508,-0.19313917010991452,-0.1897707673235899,0.03389933950018933
-0.1302257627621333,-0.05011989781868198,-0.1466210007756665,-0.1429367268418674
-0.08373487955841702,0.12403489136254578,0.022180349716108314,-0.13205309920572117
0.1364329330359206,0.05794194756078284,0.03416733532225556,0.06721204961224214
-0.055875392150579586,-0.08418808308893411,-0.10566024961487058,-0.06399517671164784
-0.04635530262130442,0.0016526555087765802,-0.10280099825988293,-0.04399730367002404
-0.017047340053028406,-0.17210379249416652,-0.10715235512363737,0.08087791815885663
0.06554056241164224,-0.06505400161701995,0.008868520263602069,0.28911521794120243
-0.032116299879250174,-0.013225072415184917,0.03879726281908429,-0.06594471232660054
0.014873864943789157,0.04458451522927782,-0.018308817854793637,-0.23539813248180014
0.08787292875182573,-0.14927056643398504,-0.08273250103553148,0.2101728495497021
0.018508557627779934,-0.12343661889847611,-0.2229251751796914,0.0686186928319952
-0.2109005093149457,-0.009341045108902978,-0.17170685965569565,-0.43275674935771546
-0.06208285983681834,0.17627874596058482,0.1254778082232405,-0.17178920906948542
0.15453872253008039,-0.08808831593469203,-0.12452880450038345,0.200989963225926
0.09643037709659959,0.052156229704371754,0.10785397775000838,0.21507689557672405
-0.10208213371123974,-0.272651382775927,-0.33751804571866056,-0.15523025750986597
-0.01371460535661421,-0.06753027662411913,-0.09964924896832267,-0.1467117568395376
-0.13728908939501436,0.023778430680986475,-0.11591162790934639,-0.14552303672112749
-0.1717961114200223,0.10553402730824256,0.1388901395023065,-0.03179188627602608
0.02187839264639492,0.0020608684807730065,0.06134318193281057,0.14486843168829672
-0.11755826139480424,0.006499847982001011,-0.11588867786904435,-0.04457065863427348
-0.1346891127178473,0.08955629439299187,0.21773278888747727,-0.012601218726228543
-0.03540612065389738,-0.007533123366872882,0.016643730614727764,-0.017760108710699423
0.032155541318393745,0.07866716517109135,0.15565143502558487,-0.11045201416710951
0.03727827577963101,0.17840069594419428,0.01425023348781182,-0.2473593491202758
0.1404143638720214,-0.05773689211210287,0.03214901363022005,0.09645381514566263
-0.11136109555442589,0.062150728374986676,-0.029877624251840984,-0.2325131321942455
0.042617483152100455,-0.20332649835700056,-0.22226865402574528,0.17760487401550643
0.036811472424859784,-0.008968809998154482,-0.1587615545328482,-0.14334322333390764
-0.06629476255064752,0.1793963020693812,0.05185799220008348,-0.2035516438894793
0.0338051252334528,-0.2285622837119291,-0.33738530186042837,-0.09310609358307281
-0.18245066708553062,-0.07891547258645966,-0.1030129522604832,-0.164178204101646
-0.04890807566539979,0.10930906967540606,0.28329666887208993,0.11501667827713055
0.023087151371393732,0.10875732366917151,0.11723246436459048,0.08088127521133567
0.13953428329453738,-0.06538600696175269,0.06838504126244949,0.2208343767798974
-0.0019192385004075585,-0.037856236958132936,-0.08827933088537879,-0.12260093092154709
0.2005157703035471,-0.017789855260718863,0.056698554811648566,0.22772034975441302
-0.140775672159758,-0.03641148190169132,-0.058864429074439915,-0.1469675340456991
-0.0019296171622250583,-0.02115530411236389,0.08228305464764521,0.1839907363307845
0.0973468431651327,0.0009467657306018543,-0.034070573625170866,-0.03135580331771447
-0.030383083429656055,0.11911955027878424,0.184803162649416,-0.10368756207984277
0.06828958832662489,-0.034164740479081294,0.022652786737190234,0.12113994275865057
0.06880203323025132,-0.0612238732868936,-0.020170360969059963,0.05203607918077241
-0.07376102797204635,-0.1324308450410514,-0.14471645531103852,0.0003950547064245913
-0.10466914339967293,0.058947484297865574,0.057510535953187426,-0.008523389560551167
-0.00783895433722595,0.05753810974773926,-0.10749857429346527,-0.1286607447094637
0.03974848043142677,-0.0976842014073895,-0.02689693650277762,0.23475508975443124
0.05205725556898614,-0.005249447577116488,-0.020583110027015256,0.013515667961662484
-0.11079457224947092,0.07059531261963906,0.1065532689918463,-0.14179961685939385
0.03351207866600115,0.011346839451035248,0.1208820797575674,0.09280914117975454
0.19332909794996123,-0.028924307799711304,-0.030724778425977543,0.1253684409338924
0.058676978790621864,0.09748168563917069,0.1978805523932275,0.031643191189121664
-0.029796171836635518,-0.10778425953257896,-0.0935339976305043,-0.036708495291798496
-0.07492440616833847,0.09623283670878112,0.11973122120846616,0.025931117398402377
0.21861727141069284,0.11828663326659612,0.11132147363493863,-0.08625594729576949
-0.10041497174133417,-0.07062612102262027,0.043895109856313425,0.05681437196934781
0.053534893307583375,-0.022975834707348278,-0.003391637021198478,0.1365367987357734
-0.03469182658206992,0.04322074940585829,-0.051082265969001034,-0.09262664551748294
0.1424607232901904,-0.12127278390722623,-0.10510842693458236,0.07717420469792977
0.17330311455004244,-0.20868402694878646,-0.18492778439373583,0.1366904372686406
0.10351971744873181,0.0880987353128251,-0.011680534082302726,0.05058111945063562
0.019372990913499276,0.02641505353651757,0.08995380368049564,0.02522497464867869
-0.11673985884993406,-0.06321280593930896,-0.10060368894335403,-0.28998590983500877
0.16234797841324253,-0.11017018319022152,-0.22897743244657917,-0.04337047303666904
-0.07913248095604392,-0.034745745522488915,-0.06132633013265268,-0.22964939233495846
0.13121253719452952,0.01585592136165728,-0.06474391213512415,-0.02586300174043269
0.038470671804087544,-0.0826236108004187,-0.1399008030482984,0.009493988899314224
-0.01601307692214974,0.12222589642281806,0.23761301553053085,0.012902494255205683
0.18176930846930484,-0.1576751609873831,-0.17090850335580915,0.26226542888585536
0.17668566719343984,-0.028240687627317313,0.02797151539133582,0.14609405903801703
0.06445329210125743,-0.09024680836404625,-0.13000302205645375,-0.021244907166974226
0.021044315563107683,-0.09971561099405017,-0.09275800454784844,-0.012323006877872453
-0.04716860933505189,0.17598889218699948,0.20229110401221717,0.039602492605294755
-0.031259413565165366,-0.08024756671425147,-0.1344313063086362,0.015747463030954166
-0.19653971002688214,-0.03978752391068007,-0.22947379305590082,-0.2925517140364796
-0.04225782900500408,0.1753955065518703,0.19323076676166348,-0.0426866686987489
-0.01961357697836166,0.09156243249070367,0.13100073607921697,0.13343599069051207
-0.023098545356527125,-0.08527932437605994,-0.07195692674172283,-0.06851077393492237
-0.0486934509923565,-0.14321491636646277,-0.32177925882702685,-0.15982234559253855
0.057964868025481175,0.06960739148093356,-0.08306056522330207,-0.028900114485834183
-0.03332487019629004,0.010901747373921158,0.039729717966886756,0.01695733431445643
-0.05765823569441038,-0.1811425479953649,-0.4125109363260985,-0.14469915315380757
-0.0169727451906609,0.04715256564113996,0.018677600687493662,-0.042658884753017975
-0.05084037716700909,-0.07068632874638,-0.21095074463823327,-0.233911785671222
0.07471092175797998,-0.03902595886509466,0.13829423723652762,0.2579738075590762
-0.133412337081126,0.24332475647088403,0.07249255014581243,-0.15991158125462918
-0.023195909295772924,0.06728285579146602,-0.03311190792373163,0.019995903508497614
0.040819545905392246,-0.046861876602367764,-0.05577110611784361,-0.017890101666189397
0.03952837605434062,-0.20246073433590991,-0.07766777766862126,0.21586008323276698
0.15280781956129505,-0.12715865977838894,-0.36090223201629973,0.1283346107178581
-0.12652263503674926,-0.11854479129176963,-0.030911500286948917,0.11531521660426389
-0.09988968329706754,-0.12446785149317728,-0.17170924196863696,-0.1590199820512474
0.14561819566943274,0.1035075855400891,0.0684350536380918,-0.01109302606768553
-0.058183718238918485,0.19854542650602366,0.18792781268106598,-0.12193579339632457
0.014248841933915563,0.020373980941203455,0.04292679696359643,-0.12605901422760507
0.07231709970548296,-0.1481609394229192,-0.3646860183297115,0.04667220528455911
0.08968515759233764,0.0937124855664016,0.3713573615995615,0.21610950136538054
-0.2049192812436664,0.12422913349876104,0.06820840036525476,-0.2584450150048354
0.08275900196596556,-0.14641721833741658,0.07241131377719509,0.5499417699108486
-0.015608078525315825,-0.051686614731677544,0.1143086868277324,0.21166040707030803
0.03362180317324097,0.011030910937577484,-0.02832121494425665,-0.062125464940495465
0.23881199512880094,0.08486086656104926,-0.059605906550872945,-0.09437083635443794
0.1009519609132341,-0.03185522216551406,0.021621651795404873,0.026538755369755085
-0.06041207109131215,-0.04448031819089765,-0.1786988817382394,-0.20579489485462954
-0.005288295405550914,0.020096057076733672,0.09465354067572906,0.09518703324721693
-0.01253063295811855,-0.24087811589864444,-0.3137712998816015,-0.06029155284448891
0.1333920623959258,-0.05517547892825079,-0.11288344067905136,0.13469683131665378
0.06012517301412419,0.05163793329459008,0.19318288767097636,0.11560394162970387
0.07860153838085246,-0.015300181417740605,-0.03490499938589524,0.20968257498422452
0.16178574177503754,-0.05519633098881382,0.24038272492753418,0.35256994139705394
0.19336767032585006,-0.0712242055869559,-0.27638854444913796,0.06469871287730371
-0.09881962532177464,-0.10015451731281849,-0.18152192455163513,-0.06651089317721022
-0.016748421568603004,-0.08991288351696375,-0.0132507379120195,0.08051470983140598
-0.15766420488193814,0.00808477380030425,-0.11167642805637512,-0.1453561973743407
-0.01580508557842211,-0.01341459968482786,-0.02597395287141843,-0.08218291143745418
-0.07876736503598339,-0.016363550868875965,-0.19184648152829534,-0.031774825433337706
0.0739551583248995,0.06569965721122366,0.057656557946720075,-0.0017571347291504558
-0.2117740232089072,0.07937392128323477,0.006881607614110857,-0.003979427319239448
0.07831382906151146,-0.059910447450761996,-0.09675495024760172,0.1321838249765732
-0.002463382017038282,-0.09753628373304107,-0.23448755981708597,-0.013459203734244835
-0.22005849359525823,0.051658462391452845,0.05690181978148014,-0.0029053179364617043
-0.09955952678265478,0.03526525931760181,0.05398248498727434,-0.2236662956105014
0.06782777413241156,0.11724254617402761,-0.1141948608736781,0.07724759609345053
-0.02069735744486912,0.048510952330577416,0.24298101820294682,0.11341057506085714
0.09509877449357948,-0.023250395779003046,-0.1249457354477611,-0.1737437391521362
0.08294562637274935,0.1064464838845798,0.10050438833546224,0.16260178113764825
0.20727628131129788,0.07850494073388882,0.03850457568457329,0.05114693967900996
-0.02101951197553334,-0.18831898590427884,-0.20505764611643287,-0.10497316247498904
-0.06604648462604829,0.12688780881712639,0.071607578540402,0.04527729055383356
0.03585086478928999,0.012788708742019528,-0.042894123338519066,-0.14598057871768416
0.02281948279181359,-0.00044897963500736197,0.00986961152728069,0.06203535799245216
0.10226947106898082,0.006844101895345782,0.21703654312353718,0.057808263276149435
0.12103995727989801,-0.0144200422858433,-0.13222560890736232,0.04562946134215938
-0.0646356220521683,-0.06209596908636266,-0.13123511291258483,-0.06918271662140693
0.0711198331527362,-0.016095740017683127,0.11909441591865683,0.18981731631066862
0.1766687820658175,-0.1153717934575959,-0.08432712779667123,0.21835705101662484
-0.04276312261453686,-0.06903977882420421,0.0344677551639305,0.22081767821413914
0.1411663798926165,-0.025484086412064656,0.012527675773411164,0.2890160124656865
0.01494630428541209,-0.10647664687093342,-0.07979953583856073,0.10752362524949485
-0.06382853675947167,-0.01377356564471308,-0.06029197587846374,-0.020714574116634812
0.027858729758305296,-0.09219095836695061,-0.20905129979226897,-0.10511611402356685
-0.012156124809109409,0.09090081943229264,-0.016756544254107497,-0.18247925518447292
0.034406304348733194,-0.2574519578317487,-0.23189508468044132,0.0968889528084938
0.17971523905832168,-0.1751444721278103,-0.18178788565817508,0.16423287256913052
0.04949215733128914,-0.05559079333048525,-0.2115197293535171,-0.06008798406959692
-0.034469746386070955,-0.0037371108847081263,-0.16140359606561216,-0.1777328087838333
0.020348217747136483,-0.09855002837459856,0.06343488842873705,0.1499353659197211
0.04383523839348604,-0.11838645911778643,0.09304136824839249,0.11655692793168808
-0.11169957010108655,-0.0024730007134020964,-0.07644438728452883,-0.1756494515047747
-0.10786664354326703,0.10235552577601159,0.13575547110233938,0.06620348535893172
-0.045361494137687655,-0.0619857603484342,-0.21696641534282918,-0.365810570983472
0.07935510774418192,-0.11395664025322338,-0.09794522155840658,-0.08418655723723485
-0.03310589804544576,0.10616701347376321,0.05334777163105041,0.018428377993280773
-0.006028980020614245,-0.20064015134341573,-0.18744510854705354,0.07220321403541605
-0.12280466257490674,-0.13343753129267744,-0.10646467685349542,-0.11676949225895833
0.016303899546122016,-0.006879859768223079,-0.02884193944268575,0.004275370414102554
0.11072072582043178,0.004798886168138686,0.054376808043287705,0.027161363782369163
0.057236321597491216,-0.08065130708792388,-0.18535902470365226,0.033518335070623455
0.16881898472513257,-0.0828774973293364,0.016677792982403045,0.15908252700017983
-0.047531247729352966,0.031911337045129204,-0.02876888909461516,-0.1072234824320843
-0.0396671040787084,-0.12112144326984252,-0.07124232129591185,0.03434611379163863
0.18555861726935086,-0.05431329205780631,-0.019942999288954957,0.2791827296176832
-0.16279814239634582,-0.03973692988655712,-0.15261753912578258,-0.22895633053566505
0.06898329178546204,0.2107335360979926,0.15778224007195435,0.04161560163851319
-0.03179672791828846,0.00740717366394739,-0.031510686219831184,0.015337875670109899
-0.02031597272763234,-0.03382746147449147,0.07400654767472478,0.001728978750032556
-0.015375380347796872,-0.0681305336407083,-0.18643574462911872,-0.10540799419523056
-0.17398064200774235,0.13395015536812957,0.16962903349280434,-0.20538113285560006
0.037552161220933855,-0.07510619383887938,-0.006199707497665921,0.10436573631343414
-0.07473434285627609,-0.172648110044469,-0.42142837347825324,-0.24371824489744642
0.028526487367945882,-0.10259285778146364,0.006972309207135416,0.08047006221480996
0.10504989570553724,0.13650469195006432,0.20647322695760584,0.2836057619698168
0.08477968232668343,0.0489863380978976,-0.10071932892048104,-0.04175749601668129
0.05309235413316149,-0.02423683996440228,-0.017463125828975072,0.14413582359395358
-0.21785407883052535,-0.0684349053816595,-0.00862916190559497,-0.10366877126643093
-0.060488435192451596,0.12628918094990785,0.15200693921179137,0.08061606983225661
-0.02724079769186812,-0.12767535105565472,-0.2045025735487318,0.019355881823813217
-0.000918565434641116,-0.08868266380273726,-0.05875537190178495,0.05582123569824311
0.07042418855083826,0.08013968187926523,-0.02339904793045297,-0.030178890064097862
0.030528268416608224,-0.03128635636913578,-0.2103837576493631,-0.08809038463234921
-0.05771828182030214,-0.03441715738392894,-0.0014664711856662363,-0.011662230423527705
0.11491859078432523,0.12453969373134231,0.329919387846205,0.24640962155091428
0.01043472728745204,0.050738310786151763,0.1036681811846489,0.0004976678053974226
0.14917073368140354,0.08054692808241161,0.1362272069225704,0.18369315701540143
-0.11610234411234806,0.0948347249967401,0.04713378711855433,-0.3759876557958156
0.18299377263961794,-0.06493799654012708,-0.03895650613086212,0.3067601012073192
0.09340376574236785,-0.07470231872678028,-0.13710408121815804,0.0007369408129315157
0.023016465341367684,0.07590397540120009,0.15633370298156457,-0.2272083128234098
-0.03899319182219605,0.08203776426154301,0.08858019617975824,0.12200943108156977
0.12537554332316525,0.03181097730201548,0.19507341506874237,0.2507197957094688
-0.06471493203137024,-0.10039778472915642,-0.018997811988486227,0.030425586400655003
-0.05997642925386838,0.0038404399985608032,0.08022568970207325,0.04762684629520645
-0.03130702568094989,0.06174263028398717,0.07419672281444498,0.05717295036876767
-0.10612060165939935,0.005524190510908068,0.01778979794111272,0.10914818245310227
0.1908720761633892,0.08560276905930675,0.10634561645752058,0.02425156598690867
-0.1999090641119942,-0.025577258727973114,-0.12468477888773585,-0.15024106571712434
0.0006283982414253827,-0.030358941668827046,0.09574283687866274,0.2590576425028377
0.020421199977190593,0.07018506784518233,0.13812873191288577,0.05224381119142566
0.01285901424291609,-0.1388298442940481,-0.27770993231530583,-0.23102750922170612
0.039991790661461746,0.07196096934637532,0.18032358065584203,0.05671934266599686
0.05574600114950937,0.15734704491570675,0.29572804133349645,0.27242496776522146
-0.11846210057419077,-0.005715607484953017,0.06590679482112104,0.08383826434117425
-0.10673855417527896,0.0159284297509637,0.1257662041433805,0.07562170226539136
-0.054198023031093605,0.08912204640511863,0.0560631302217664,-0.03475014709817532
-0.15399923595811765,-0.06708080272241572,-0.2729573033898143,-0.09839867949413336
-0.04269373261902623,0.008418386286369662,-0.1166786538566246,-0.2991572185599329
0.09132408606014274,-0.049766298769329385,-0.03538742645361802,0.18019756731521216
0.04565958584047247,-0.05396492425675517,-0.0707162948111705,-0.07516947954190228
0.12545119542247896,-0.004540603258864365,-0.09723283969884412,0.1073683508895277
0.015605140566326732,0.00393847792723667,-0.026665695553440224,0.07096849511716649
0.0053739768099417525,0.01262538948627396,0.06076151142957964,0.10544983244429852
-0.007541254952902453,0.06036749579418791,0.18888905225953037,0.00325131299831162
-0.08625502030493702,-0.026990234536174603,-0.1524725801000705,-0.050289654075013054
-0.08088670813283735,-0.09308178293844302,-0.22728875568154533,-0.25814717533102133
-0.05176307531316268,-0.04161939212969917,-0.099247017176113,-0.16391564225735553
0.12549203938087858,-0.07135493110477624,-0.09212602103933923,0.08302617833844925
0.026930699645142837,0.0579909443404088,0.164729916597466,0.16851910519832586
-0.10606671546357466,-0.13707206257896093,-0.14331035701048922,-0.04635777767781716
-0.16769477331945393,-0.09350739752608886,0.0738492345985263,-0.025154733446688834
-0.056510755030132254,0.008350613929112854,0.12097786124618647,-0.03184498992544123
-0.006474825721369886,0.14868642729984435,0.26489662918574086,-0.07261539749969323
0.006860780629089321,-0.05281647638435336,-0.08664985529131464,-0.2607121159706807
-0.09884529057130731,-0.05806294974970671,-0.17482696856985164,0.004423796946618569
-0.07229969820407665,0.0711123333544632,-0.030070687019623857,-0.19706473939697694
-0.017742070915562357,0.037660610415227384,0.04708440194172362,-0.1332406097578757
-0.1561897894351839,0.23153847158293892,0.1907915897369731,-0.320858172689246
-0.1418961745071788,0.18592167858482014,0.2094588461213671,-0.19313235219000432
0.1241212632926435,0.02310620048881762,-0.058429628665037814,0.13144499896229986
0.041088265354181294,-0.08015751892468634,0.07839448369835492,0.19876708262971898
0.01794631641879648,0.0794135558843506,0.03419540539961148,0.09908605207751262
-0.08621763189053545,-0.10607389570313278,-0.04571766790555762,-0.18910263540198605
0.11938105882787953,0.02295093217226113,0.12284071320060883,0.2098359039985467
-0.0009203636834208862,-0.1282781624938308,-0.099893847103283,0.15067209880853485
-0.132385343293712,-0.017380105160025763,0.07367523958883362,0.08788222299402895
-0.12846868925024013,-0.06039407746633507,0.01877270885651193,0.05997605736789388
0.03068097671756255,-0.03933061093044086,-0.13748483503084333,-0.20296156420576822
0.01946560140751932,-0.11941678030182619,-0.09707391590313862,0.057332538811575046
0.09169341857464892,-0.0010502649874373341,-0.041882833993225455,0.1893192755078474
-0.07130140983278183,0.09171929857500338,0.23705984151223924,0.01631881825565381
-0.12656019519360726,-0.003490783178051025,0.06945363053319106,-0.061241198262191175
0.20354459190884416,0.04635931301977285,0.043129520173825375,0.36894412554687106
0.027761120540649966,-0.15854323197297207,-0.10617171463447692,0.02942412906657442
0.010357059235804463,0.19493168840874475,0.2819336081407595,0.1550156295699775
-0.04565281966966507,0.06178109988011924,0.08104339653681467,-0.08217280654963366
0.10947188701972539,-0.2023392905876408,-0.13625102050779242,0.1677956471364907
-0.03709766835744392,0.012887203588342486,-0.16828967168386638,-0.15945655807119669
-0.1646375923009874,-0.09972215986937362,-0.27034615825868047,-0.16360808428436718
0.1813663817456702,0.16315079275328756,0.2063524672687527,0.18831597612744044
-0.032449909036158624,-0.009631812044482328,0.06769100237587183,-0.017246972666958647
0.18309735011274833,0.03771063691030275,0.028877393571531254,0.20005919517064513
0.09584854317974564,-0.04578331016557346,0.05019925151855348,0.20092994833254105
-0.035995614340146524,0.07293742024813864,0.13842761428515066,0.1084204148761557
0.00272628107598018,-0.03525631775375161,0.21336352945040465,0.24711524128691242
0.17684492674854357,0.03990472217134394,0.11509799615907727,0.2030206075034854
-0.06813960469969065,-0.13194716469255816,-0.09304574682204694,-0.030885385812820645
0.14379161842890162,-0.2059367609144045,-0.042227156971060525,0.20734444258541906
0.06549440894371387,0.15235566698167677,0.27159165560013243,-0.05793166363451395
-0.02968676336009479,-0.22323657832066088,-0.28289197400789273,0.053352959191383574
0.10293518445782604,-0.1152059507345241,-0.08738931974772124,-0.014405374163565007
-0.036801153494914855,-0.17158463561499684,-0.2899138719462644,-0.02377693005173978
0.0020766317118996553,0.14947480131357713,0.16409162365614718,-0.017466302684252866
-0.28120042920948884,0.19853753075059097,0.31673171347946066,-0.038351405321613935
0.0012158203076816424,-0.1166551618976472,-0.13607969150355795,0.08117960877690798
0.04535873599795186,-0.05056659118904455,-0.014244651444408465,0.2634823143291931
-0.0774252796407093,-0.06892622902329625,-0.03818945022770815,0.053698656900488084
0.13943462941057777,-0.017821220799707223,0.06932133924311305,0.2439869980632881
0.03209820866972365,-0.03211283532276229,-0.12712472238198552,-0.0434007027490867
0.08463075414453158,0.08013541417244459,0.04754350453698235,-0.022017506254016717
0.029171642606515925,0.14611736259704475,0.21182904889388426,0.05333310662404132
0.05059509749615716,-0.022204577337385605,-0.01954636501371381,-0.19138040342774615
0.04325336784668632,0.016521272669735264,0.022270223565105256,0.042277910617205886
0.19025293468343044,-0.05842610136922635,0.005193535805287398,0.21631506764828085
-0.1147438634478216,0.053733656823818365,0.09294985259516594,-0.13573662257047156
-0.040082561316538624,0.0434030539651116,0.1772071504649938,0.06827992445469946
0.16138048817894013,0.011279017137873663,0.1001891826130804,0.2806188123983113
-0.1067224326684551,-0.02594746499825923,0.08912239219290213,0.010934642069231951
-0.17191986141040752,-0.017718677486775268,0.014546044862582763,-0.018795144231121552
0.05131087317171887,0.015267466560835406,0.0883850414495285,0.13325337911302298
0.03816221443825397,-0.1522702179180523,0.11661030124906993,0.018793832806970417
-0.04584035146873558,0.04424965968139132,0.03333218791730037,-0.07040190996810647
0.2706980029288043,0.007058246931584861,0.10816560630339553,0.35257756837952403
-0.10772143939324125,-0.0718701007699619,-0.11772618255487252,-0.127202253755917
0.08288450367329186,-0.15535946369324732,-0.15309242143026824,-0.10976760488603775
-0.03537645402697265,-0.028207653680600256,0.0324764225577041,0.11562635230745656
0.09927546043921227,0.03439503599360873,0.019414330572258158,0.16814276377515627
-0.039062388367143375,-0.014613293075156152,0.1883852684692279,0.024408371227717426
-0.024531503113503064,0.08682826560499059,0.16193705012560344,-0.038709136820614054
0.2002648909389468,-0.028078386687714254,0.07176772836594618,0.3450923179588161
0.05006479890975407,-0.10857084253318804,-0.14140933553833973,-0.017392610552458644
-0.1895248829971583,0.005793593944288255,0.05960335884757898,-0.09288017841831898
0.030945518401662327,-0.18791639445485347,-0.19288006300868415,-0.057731744557244336
-0.1543865069484716,-0.03882307814391327,-0.1953055268301302,-0.14032377533039653
-0.18424638644464533,-0.01517328586030267,0.018876225926636986,-0.010265174246877382
0.021109537535513596,-0.02378783788135239,-0.23044225785591654,-0.010094381040043288
0.019149496851474046,-0.04829935250805517,0.11829584270278656,0.13193700251235604
-0.0631855132025972,0.08549296499500536,0.24566975123994333,0.17542809253856334
-0.0614998097965924,0.08150994558370395,0.030961765239779004,-0.274546253864557
0.10227821552396861,0.11562608728184916,0.22069609389884226,0.21661671980650657
-0.15664090273672363,-0.2011737616339022,-0.25661583912244845,-0.15092043315498732
-0.029702207263769487,0.04748142500032722,0.12244026489291912,-0.008912390111733642
0.15260634053923183,-0.018947752476704605,0.013973344709342434,0.2547421562586347
-0.006632291388878157,0.10265988655240435,0.2746044065032454,0.12635967145623483
-0.0955469831511015,0.16640423490494524,0.26882402027168195,0.07109034866878372
-0.1982555639863418,0.12165632010945326,0.01743582058403581,-0.07388399875021431
0.018676324776168037,-0.24990933101267304,-0.38583737146954855,0.062466470358051134
-0.09792635447150289,-0.17644268637964325,-0.22196409099069436,-0.2439604294609672
0.005156648275598637,-0.04760439565304908,-0.12783410911322018,-0.08548418968660346
0.010658793497636767,-0.11324686452956156,-0.16281254862474298,0.08079015989714519
0.12561900000501783,0.0071688587557746835,-0.13074977728496517,0.06166388784840434
0.13014205535835474,0.05651376071384498,0.030047087426671504,0.2052397103658196
-0.19303650705024838,-0.02752159401647554,-0.024975986629807614,-0.05129345529534038
0.012483651168077767,-0.15806531162678705,-0.11673958143273294,-0.06026687052639661
0.16213604049306923,-0.03276547595366877,-0.004791928456661461,0.19552415595869035
0.08754890367019201,0.1130120136799572,0.30985749808944374,0.1745146860048669
-0.0334003407415909,-0.15829961879435217,-0.1378714633672491,0.1933956992523872
0.14044654061207829,0.21656649487161272,0.07974237425455452,-0.012147016320258216
-0.008872277867659468,0.10260431201798986,0.2688181189806392,0.06970522426344603
0.10778251662150751,0.08167519738026935,0.05823584835397378,0.11142994643589335
0.12145943428150903,-0.1269233305445394,0.006177598980710741,0.2683665933914514
-0.25223630661340807,0.08887205675717608,0.06425085710105363,-0.13404331172457792
0.0774052196380752,-0.1991154293464955,-0.1879596110565978,0.08611818521734113
-0.021080801764966493,0.07104892248186893,-0.002609834508125977,-0.04678235426367205
0.13471508565966592,-0.22824232197213334,-0.35313435748394795,-0.10334766006982574
-0.043560541182163036,-0.0083698751197816,-0.22193665944180663,-0.2947089883537502
0.09701569043825284,0.027718495278643437,-0.06618897438187867,-0.03217911235797411
0.03363302357813627,0.054537564463210245,0.07033828565881718,0.14137879200324688
0.040247646009117705,-0.06622107175930518,-0.04338703660812621,0.2144288118758947
-0.0708200934393868,0.02651716486475038,0.0010739090159388384,-0.009859788541088238
0.216862143096236,-0.02070864904096252,-0.010954384681398331,0.10648519733706328
0.05096853794778673,-0.00666173213807286,0.015436614125267098,-0.06244823053142325
0.0006730939060521074,-0.05867892950882106,-0.09977695085359958,0.08166159845358756
-0.07307394884229879,0.01640642634462342,-0.18618981613262447,-0.21209938143860507
-0.005399101093926141,-0.1969612401936085,-0.12012838020278942,0.24429181069559253
-0.10834734809998398,0.028101863938635105,0.023496797611031774,-0.0614041592268427
-0.009575912069705227,0.0555027053497647,-0.10551124032375242,-0.08981648206879894
0.04222387327112641,0.15335719821410987,0.12455205243672385,-0.000656600537076623
-0.18296196357396832,-0.03744020966874221,-0.018674575497662965,-0.1587203860884992
-0.15367262239685284,0.052652093852144345,-0.07773575013253758,-0.2691227641911408
0.07762239669978183,-0.06814352516165405,-0.05686838556345442,0.00013095869288143325
0.15130993145726238,0.03440471759877425,0.06293470580312287,0.03209987096036729
-0.055630079804628335,0.08266331295242788,-0.04873632940929566,-0.15952888049780684
-0.10513173685454547,-0.009055390022150611,-0.20757199213068214,-0.07157304909016324
0.13214040417995182,0.02663112140333776,0.1181714167459139,0.1642412942592454
0.04125371898137742,-0.08093184828222726,-0.0282023970291271,0.08938364228101246
-0.013630679451566905,-0.056173009327806826,0.013240999124243424,-0.14625908477545496
0.04584904537399493,0.113969021659069,0.12748392394265423,-0.036075492620867344
0.07296292199683371,0.12044910389842459,0.14477013067558042,-0.06328310047851203
0.06513335213993837,-0.020253363895732367,0.05994542516197465,0.12097532435457332
-0.01962824017508784,0.056066386175903385,0.09876049026038695,-0.15625212134994745
-0.11809255435759106,0.013527429733090816,-0.006960830122437967,-0.12509125888880915
-0.13949725344058703,0.14541097444895384,-0.01687353583970369,-0.2989397543373954
0.2340664299655881,-0.03766968582555914,0.1373767891825129,0.034872833499173306
-0.09369169391529776,0.07057439897627621,0.20224481610847084,0.13433875592789096
0.006752616419071145,-0.022401355037123424,0.06338509814038963,-0.004830965588732181
-0.16847272552031325,0.04431044641514101,0.021696546868045643,-0.1524876139847472
0.12254140603607273,0.0494453096299129,0.05725123443704104,-0.06270803963131145
0.1159189939212355,-0.06333743519353796,-0.029044637593549447,0.021180935660109937
0.07211962713375798,0.06759974176319365,0.21538154688571262,0.02976235717898061
0.053343875580094915,-0.12268298849572175,-0.1020589148942561,-0.03174215826761671
0.10276333052408063,-0.06800835596933497,0.011350249247029896,0.09880852750861024
-0.06760534451140608,-0.07353507448440136,-0.11719496583628813,-0.07722067697737754
-0.0826933946272917,0.08348731596699402,0.09146423668978901,-0.041144012603130865
0.14147367095561578,-0.09904450400737906,-0.17170089089367915,-0.03171876849562485
-0.004854310562170764,0.08608041391649227,0.07684983139421647,0.04240484622411127
-0.025265998800207964,-0.11267592026534375,-0.22106491126184202,-0.1671549899158448
-0.04721452578450419,-0.05609092029567586,-0.12700376017279974,-0.12700217674753098
0.06533107018125991,-0.0654174846838008,-0.20690882567699734,-0.025910578385410686
-0.09892108792326751,-0.05430503548781608,0.06959075330096674,0.14521681646261134
-0.04828223993526163,0.19427461773315538,0.2844058535524403,0.09742169930258071
0.1269450544447472,0.12154620155660896,0.04205003691536652,0.05992381527122676
0.04630502233326851,-0.08037316050679973,-0.15465782791798321,0.16840959287935348
-0.031224391087299214,-0.08955100734680047,-0.3382088761236792,-0.10990627120929204
0.01805197271667179,0.09106733788243838,0.16263672496852327,-0.01763080001225703
0.12398107293239527,0.09699091682418054,-0.025952683675140434,-0.039955134113881824
0.053597840172085666,0.030461917335583507,0.061455047020281345,-0.3095879682200906
0.05918541922350602,0.09968439587696304,0.03025782770404524,0.1007189388721336
0.1551612639915881,-0.0026970173808221437,0.09780814292003298,0.1825145103378265
-0.11872461915258836,-0.07543194597898283,-0.08439610168303444,0.03296831112888375
-0.14599412897237016,-0.0314303481218663,-0.16128879575553554,-0.32505900480744226
0.10754287958757003,-0.014987666405907499,0.15590909387237367,0.07771555080491623
-0.12873252662318585,0.015342873351426893,0.06101093803338641,-0.12130883610749392
-0.11403499481070428,0.17609083055849478,0.12837586065353948,-0.06973640540734734
-0.06666478218317387,0.007370038043279556,0.10103417986545003,-0.1689458041981502
-0.005915207530123839,0.15861175179326759,0.1284245936005779,0.012834543754544389
-0.19307935168914026,-0.017390288659788238,-0.09759897720138497,-0.3233923192818208
-0.05585038294020253,-0.19661979525511536,-0.13956987415427605,0.03733383037683777
0.137256604969814,-0.029861223359771705,-0.05955334606991986,0.22718597288471404
0.06657953003546628,-0.10494381740749731,-0.12351868531980717,-0.17400100072511804
0.12343345348550294,-0.07233652550716889,-0.026822411665493016,0.04178395603352572
-0.013453391041048335,0.2973891464168849,0.27463314725473337,-0.1573327074425921
-0.14360722135669832,0.17645784218333324,0.210962980420646,-0.035922619221267174
0.1179678206396916,-0.06822416496080168,-0.25613087574379834,0.18979732484464848
0.2147728539948422,0.27721562336273203,0.4398106940648697,0.33826559775718135
-0.07538913188786543,-0.12564188238637128,-0.18535407992550063,-0.26167060055976155
0.03037123101714554,0.1978444729358597,0.18806962984564685,-0.10381069727150545
-0.010677477042758732,-0.00014242968900811235,-0.15757222922679942,-0.3015941796459368
0.03310184957416656,0.10056350080966055,0.10329564705293658,-0.07081241785660185
-0.21142062046353263,0.09758557417610707,-0.039262553410177856,-0.3280617945532301
-0.1315990316445181,0.03961535236303526,-0.02834634073466271,-0.26103280385164984
0.04976776577049842,0.06576256137594229,-0.04988922702219373,-0.1937674213898838
0.09257816847988663,0.005116801288982059,0.20632713713499953,0.22616561836859872
-0.1688868605904815,0.1736616396093692,0.023441857549671763,-0.19530578352813027
0.05225599789119256,0.036834783820533505,-0.053285934601041425,-0.11855393726355015
0.06909968999061274,-0.04253098031490717,0.006058811605733752,0.09215805184620461
0.13250721208808647,0.05505127699343603,0.04055359228229341,0.24965331349849584
-0.10237762395745227,0.10521235612574785,0.07511023033407589,-0.17152565766847477
0.09558669553205078,0.194888220902683,0.3989878937574572,0.18209393721937167
-0.1542919252808088,0.06298732991408189,0.16987862986266447,0.11050166091243815
0.09653825054032038,0.01903363286524422,0.0600394368237986,0.013457584201046605
0.022288066199014057,-0.16219138009027034,0.0017201749403408517,0.31329947953553683
0.08660692992801257,-0.10084710139067013,-0.23703759823934173,-0.017125106626734735
0.10247475137184392,0.11292106517268022,0.10075662308760222,0.12393156310908396
0.023750534872288735,-0.18924797023706363,-0.2591313963303784,-0.10004060870775593
0.04838657676024613,0.034699126978695864,0.16778561136852144,0.2668715881006474
-0.07560661686151508,0.07054725520964647,0.22811296564439376,0.0862902191584777
-0.013638011622823541,0.01704176719650224,-0.0246594705633342,-0.11657289412837585
0.00858228671757478,-0.16529876753111852,-0.28245907435763257,-0.023477166877467773
-0.21144748346942893,0.027152629788584955,-0.10718007703656873,-0.1991853767054003
-0.05545550105594219,-0.03508983294215449,0.06646405436705613,0.08725581143596216
0.04060806567590147,-0.038505187106467734,0.02533533449555684,0.08932504982555184
-0.12091938217436396,-0.06188578980928863,-0.01782229449410292,-0.19363975852063492
0.15454048838844736,0.16315643232360458,0.37718801168952865,0.21025261998786376
0.010769314301557153,0.016556349523616738,-0.02398494927957598,0.1419989438822102
0.17441340447839915,0.10476256076879101,0.27362010333299175,0.10767005922451436
-0.040418035507905486,0.007195556701954638,0.006137498018105598,0.024789839103101202
-0.2549675604096248,-0.06369250881540599,-0.06367707967508705,-0.2715812365684728
-0.06436177480446979,-0.07913891197240223,0.06362600369576436,0.08558615955541804
-0.042493657175109896,-0.12950722729379519,-0.03924090268424471,0.03666153927133921
0.1284758115115668,0.1391372683586857,-0.10537959724179727,-0.024571962747279533
0.12282364078300403,-0.023481787999555737,0.016127267979995412,0.19593819360359077
0.011850277110999771,-0.008078952410535216,0.04969999607435673,0.018500112591977383
-0.061304239372817905,-0.10144043792148374,-0.06554388156444488,-0.14126756538909724
0.2584092405684829,-0.03417822532138445,-0.07505360340629902,0.22624861943030983
0.1448268350171447,0.05380571230721155,0.006902059454562327,0.023284901817667458
0.0704951752268587,-0.09464539171542431,0.065584995321391,0.3029569252279452
-0.021762849974378676,0.07407310848085745,0.1588134644789191,0.00013719304301786084
-0.11874597527713245,-0.03773670754585198,0.006447671686173849,0.0879327259501788
0.17681899135437842,-0.12359984133079471,-0.04115450965773568,0.36628057572968464
0.10070833222638918,0.07582483201322006,0.0034089243579754624,0.03498656086222393
-0.07610554687775373,-0.02795991560348315,-0.3237607013309002,-0.30002244561353086
0.05666282847356244,0.0891871596073639,0.14393847678124563,0.12881670250088462
0.08975672594716512,0.03797169606735802,0.26276252557339924,0.38379513217791883
-0.03884291886155766,-0.04325165139820485,-0.09832321660101423,-0.1630811262828104
0.021021424949824348,0.04770223663813986,-0.01580126427884103,0.11578664455155906
0.16771898201060978,0.06010789480759348,0.062129033178785924,0.15047672788117483
-0.09520364804079672,0.025927215534082556,0.04311560248008079,-0.10646655031346014
0.006921420321277079,-0.017666362541662057,-0.1245244468249573,-0.08297841326345529
0.24865241555677123,0.0793634544036877,0.21004513661858626,0.4312669002050349
0.09881524579601828,-0.12725320059052347,-0.13133341306935545,0.18646188629825106
-0.1912390733831732,-0.21290745489303073,-0.2717644249412189,-0.07689761237417676
0.19490622075139402,-0.17363360741717523,-0.17113105731868525,0.09799042773896213
-0.07677027583457427,0.1775415791258915,0.18111359776142566,0.08601354121030791
0.022569992651828172,0.06013287589457265,0.06794789238506428,0.017187193673910812
0.00706552675602319,0.12421636415283724,-0.04343933698083871,-0.23812900467319092
-0.0580856885268112,0.03486224445988526,0.05037290782287701,0.16358762892417034
-0.02005846478301958,-0.11077660650249142,0.006328722558116617,-0.08945865117110267
-0.1198613637931934,0.006666420705886633,-0.016306422270156405,-0.04439310310158147
-0.045080622007446766,-0.1501754347273025,-0.17950162704612607,0.021844765470877152
-0.00898904511481576,-0.10343118993869656,-0.08800809696826749,0.05984594621042215
-0.16916167046825645,0.13112732232988342,0.0697793906570654,-0.12110742299881813
-0.028840413747284806,0.19390039678107251,0.244690838652877,-0.0753932663311562
-0.12056927606563617,-0.18570696057209016,-0.21900791109929735,0.12840310682756575
-0.20658050926224797,-0.08390960749824442,-0.1031901265096463,-0.18866952789754088
-0.03911343628414232,0.027198429418199024,-0.005465956459379272,-0.20462202400000784
0.14095011390652432,0.029601067891030897,-0.11359935581934044,-0.027843578096538927
0.06397409464318858,-0.07153461507443015,-0.04504986800195239,0.07132056937678545
-0.10169401118149922,-0.17155062309059602,-0.31400591784545984,-0.030469502291364206
-0.1402015050000934,0.010570434825294168,0.11551775408901245,-0.05449700986218553
0.003146854308963042,-0.2006284359107399,-0.09520917120006644,-0.008972688790353733
0.07375985789215177,-0.010261710665160035,-0.18424021115671887,-0.09550698608718146
0.08500891787628354,0.05144426894901484,-0.1445152245303282,-0.3028649871093009
0.03406551854435296,-0.18942029345001482,-0.10408077898716767,0.023820875476964307
0.07126499209403167,-0.11577860713935705,0.05737241624843582,0.20232296104524972
0.08561392452181253,0.0738879206581171,0.21946396566106185,0.1956599765230069
0.08590587840715219,-0.08107497450253683,0.003175416184158855,0.21368734849198495
-0.026360065318190892,0.11974339556883862,-0.03891336545950545,-0.22412082457573468
-0.13595443596565387,0.05663865368768853,0.0429737840324928,-0.02397109447660488
0.008290283304883737,-0.025449825951190636,-0.10035551646024946,0.01971124991990312
0.1827595490430264,0.07814362600945678,0.19472524313046463,0.21230632189183907
-0.24557707025847636,0.045684952921948435,0.13147306084427485,-0.26676922021474736
-0.011200001564086954,0.044304486228249104,-0.19075961297490962,-0.36612348233219777
-0.0014402961022449536,-0.01785783139741062,0.009336063953155206,0.004948037101907051
-0.04871741555532276,0.001599600072248972,0.022859207046319573,-0.000153647528790872
-0.0007029184844446405,0.03390528448886657,0.059540482240625484,-0.02255608604357806
0.18124840508077444,0.018918618945038077,0.14588351730279153,0.2628221381123306
-0.10647453006307091,0.16975913558430478,0.19095705447265043,-0.07589149180373661
0.07313639557363913,0.0173459984259484,0.021219907639603994,0.13702075823126522
-0.10080765403786976,-0.07392126652368029,-0.18579997311110494,-0.12315559626883144
-0.13319409932670778,0.22704768799055117,0.058890169160085465,-0.20635167788374223
0.03618778781474231,-0.18248895361027495,-0.19920667969913786,-0.07465101726841898
-0.08204319352298403,-0.028321189156180416,-0.03155218110538077,0.030393615107147227
0.10131632057622814,0.11383883420039942,0.2966203852003165,0.21685695605946484
0.25498066374570116,0.0478164069018527,0.04480453468377572,0.2738778304608166
0.1568190418506888,-0.10016572982194422,-0.07930326898760293,0.1314286517584744
0.013589551982737987,0.0476136730731844,0.0419830540931389,0.11367757879927573
0.07864686057983697,0.017680158399379392,0.14970953251306007,-0.034727814255574696
-0.035546119137310365,-0.08280297020635005,-0.07785426324122888,-0.1488469188618596
0.06692174833386604,0.09491002971814402,0.09651247805165292,-0.035941372789897924
0.13081295096523896,0.1707985723580849,0.24781446324212264,0.13650926668039862
0.14287238296499827,0.06073320110336325,0.0763267678042339,-0.00022528657000411845
0.023979353568599083,0.013065883427282482,0.12079984327653141,0.1873062355324579
-0.14252602707505665,-0.14745620016903735,-0.28851408576045134,-0.1979670765976183
-0.07134432473082043,-0.15787362053257206,-0.1175460522733571,-0.001969252908423442
-0.11487846207407254,-0.05158878363689286,0.24922071384373098,0.09162709778416966
0.02335331422989223,-0.21195032051527196,-0.4124401264891098,0.047437408543699974
-0.03932632239592662,0.15554114992088328,0.11774177064255964,-0.14967164090876756
-0.021526353466608,-0.03380102363338496,-0.09175718731172236,0.02665283068004172
0.05497302589252195,0.119353566902699,0.19183197981932654,0.13259613771714346
0.0024624197597439557,-0.013731590400962564,-0.1408667329351413,0.01980052083196815
-0.21444294381105583,-0.034790171613819386,-0.004055550902336454,-0.12542304775642485
-0.14924511863112364,-0.08510574582502334,-0.07705270625156833,-0.11613580575312636
0.037344365554489486,-0.07490830307810861,-0.0049857355929399105,0.20310295813891355
-0.028044632555881785,-0.12294729880252815,-0.21657524707888204,-0.003399645496469761
-0.03361996433880751,0.00433479573454054,0.00776607298281993,-0.0730145086711788
-0.19824931097665396,-0.011387604175780639,0.08422363217463248,0.038158358801730394
-0.03349714816011911,0.04957339028961144,0.18018284299395065,0.12429645359641414
0.06099314909295629,-0.05233878569849801,-0.05132035882498083,0.08704016469336684
0.0807855519647159,-0.15152141489360738,-0.07579577525862799,-0.033102838650193006
0.06093888525539758,0.07905818247796247,0.035441795470346385,-0.009101923299999004
0.017352939347001595,-0.0017680429398764228,-0.039074548033546846,0.022303623369270654
0.08785980124376204,-0.18395212350411763,-0.05874330327112681,0.11101740584308471
0.026859780451039872,-0.026074464202675358,-0.06966923057144414,-0.17397547533191213
-0.2412526004589982,-0.007131775504882181,-0.047797879720204293,-0.14812389816466187
0.022133299625487997,0.007797617363661144,-0.022857747778125985,-0.06766428380885209
0.0017418050228206656,0.12535282516683063,0.20526723836509186,0.12035097317039678
-0.013386940558887865,-0.02136451536009488,-0.0882869974769592,-0.08608227046452778
-0.05073082070551513,-0.1123131099502665,-0.19243399568288594,-0.11991364499927089
0.06732772448251954,-0.07393526911936475,-0.1316525354675404,-0.10358914745392757
0.029127853007908485,0.09151307498419123,0.04720012880987431,-0.14414241491830088
-0.04125296776639081,-0.015514315934023776,0.06320566715308153,0.09227280971923711
-0.1787176147047651,-0.014822805342539717,0.006316346091014821,-0.09384680284907364
-0.09539542834543008,0.012633113233090047,-0.30255534116839367,-0.28602478850987206
0.1061320889317589,-0.2151054997834777,-0.1094548934937776,0.13282111589062764
-0.06583452530422798,0.026512360785508483,-0.02000504081699729,-0.025880493840289856
0.04557426554452659,0.02279071404520784,-0.02711325310150568,-0.07958862952815714
0.021586798805591965,0.008039023810377527,-0.20120705708986344,-0.2538764627322847
-0.1610061963745509,-0.013509815368152343,0.0470271377076351,-0.0830015895412301
0.09849179114635608,-0.10566016672715937,0.04296203788230278,0.039291017937425315
0.06804828144750047,-0.012695071453710162,0.19096135164310413,0.39431806291577326
-0.0392039226549222,0.08619458883788908,0.04488642753745115,-0.23344909678543024
-0.0285478330195781,-0.07246254831147927,-0.2856164499206838,-0.06665326021096316
0.04229167103843287,-0.05860370693072375,-0.07430237291582344,0.06479556795891994
-0.03939633221437775,0.15086343596953944,0.09257914673544025,-0.04810920243073639
0.08295474689481794,-0.007961626583196518,-0.0771666959468112,-0.20397916107845399
-0.00762572916487326,0.06010760138896502,0.12376238192691984,-0.04057935823402821
-0.016002033269369813,0.06779119404834558,0.0676811832571815,0.02772968975881254
0.02924070768796599,-0.18083685409980438,-0.22215371149672153,0.10952701208865331
-0.10422556946547717,-0.2332362067199691,-0.214604703223301,-0.034482165950646584
-0.017150804453896534,-0.0026775369592976443,-0.02652047268462395,0.0434384823326395
-0.06912865852474764,-0.03672636829984149,-0.14769273633917956,-0.027409523438281
0.06917883252574425,-0.11198226827116411,-0.12756768818838637,0.16257257730983085
0.012176978001732149,0.039470020450889945,-0.09338630396461331,-0.07686743967735725
0.030336160568005834,0.019436208525333103,0.2428193048604783,0.2105799652044639
0.08898138957007722,-0.03551145394814082,-0.012412069269154153,0.2311661119704021
0.09541446445500949,-0.07297708631801046,-0.0007752286167601527,0.0678824966989093
-0.043425330373469385,0.18224773174271822,0.13415772832173356,-0.1523735468702284
-0.09303431453599115,-0.12736851062534463,-0.18511817621177434,-0.06119751408764068
0.03240003136685516,-0.14467663575356265,-0.1272749423460016,0.004458439867612303
0.018236621237819328,0.004533636319960717,-0.053534012161969874,-0.007316093786670284
-0.017261249606659836,0.08683827595078669,-0.15844174015105314,-0.26123523866914566
0.008376243821080414,-0.05801147325521107,0.06604229383252727,0.1939369957526207
-0.0961664578199349,0.20564542459462942,0.188593320005697,0.022961177295271556
0.09892195791705498,-0.10544951512884973,-0.18839369000983372,0.0503061746462011
-0.009893071819865349,-0.10535813291720136,-0.1984036985534386,-0.10808469012264607
0.020848591843832222,-0.04508522888449999,-0.11535593467537944,0.06744879043857516
0.04474937797021018,-0.23856405211401133,-0.25727413457362824,0.14760750416940244
0.19453522199512488,0.18577837537168285,0.15029355291633426,-0.002071161097432231
-0.005815892475759008,-0.056621082659878155,-0.010495798220934736,0.18323123878480538
0.0012706084663519292,-0.03933172109089169,-0.14850609430987494,-0.026197330032270788
0.05043216548913318,0.021631900385585996,0.1479691600965225,-0.04213679708019408
0.27561318994181533,0.07187998914760672,-0.056289203329670426,-0.005996254560561978
0.055182326970227784,-0.012367442294674541,-0.011657636188565313,-0.2586988976646484
-0.009857951399401299,-0.06375268811178136,-0.23187103050730243,-0.08961974599258983
-0.018087812192743035,-0.07422231360564625,-0.01728173067392383,0.064042787552379
0.018264117574919105,-0.0942915512643476,-0.07096176153595316,0.1807151664442767
-0.01884319242643593,-0.033145938993232246,-0.128574813825901,-0.0020461728658427714
0.06393929270399697,0.19649614025386258,0.1579706514768521,-0.025323635559756287
0.0068743129314163464,0.030175646228724973,0.017263933819551266,-0.09522982764184589
0.008508059511305555,-0.07390604799960566,-0.10092700061687059,0.01074180228028538
0.026287470601229886,-0.06419479682149794,0.01219021908006012,0.0038602168471558868
0.11835681918036581,-0.07514854943687982,0.010602559808570555,0.1835425305056962
-0.07691271125054157,0.08209206604710849,0.1368143299310754,0.007232336150162975
0.054750852187969185,0.005411014120614061,0.054623007549658105,0.16880545739326167
0.05030347489368717,-0.16676924665782747,-0.1732928291595589,0.02131744906485501
0.2769907254769144,0.007394174433890949,0.021536665462400413,0.21648888717439393
0.1836300657900429,0.08029905106964054,-0.10789366465459706,-0.345286176819606
-0.221301218131014,-0.1663177033030141,-0.25670722486813485,-0.3125440446990251
-0.09573148224810875,-0.07366950351488179,-0.07151122731596826,-0.13761669800172005
-0.168067142027941,0.011985178237191363,-0.1213194565940069,-0.3080489927581676
-0.11446870523453774,-0.21460995629291438,-0.2535440208620932,-0.11574482954359358
-0.03524941946050694,-0.10390742794843806,-0.08744392520230777,0.07081223737659581
0.12833763836708445,0.11920161837989876,-0.0012636101764443575,0.030420203177814898
-0.024854687473222038,-0.11000640615678654,0.051112819409832644,0.11535265895993184
0.007190247949596701,0.029332640019173364,-0.11086956024801396,-0.1776434971482232
-0.16060140897296868,-0.057615598317041675,-0.16992896175281189,-0.0536515471293994
0.12927505448923388,-0.02655913867289892,0.12055060437926005,0.04830051613718486
0.11143967490524294,-0.058249385228708574,0.06956761016274896,0.37022686429658125
-0.05233214616842773,-0.00925085762063185,0.05416370831216384,-0.030809373030404413
-0.058003833801869735,-0.1262403201767843,-0.17356451144710094,-0.1730002173947016
0.009072769929532763,0.1444095099310759,0.26564463536962646,0.08017220199650002
0.06556659848067822,-0.09255830875462587,-0.2720450857420357,-0.060967416752738354
-0.01778863588290747,0.11319273174562428,0.06900226000014661,-0.07065598953511378
0.14863108381973134,-0.01052024234585462,-0.08305512854682212,-0.02055972300715357
0.012338106315215373,0.2499118913758419,0.26241190058227754,0.022053736911242783
0.1074272627318992,-0.37825232298034134,-0.42764461084314537,0.024217406477262518
-0.09932877526187017,0.1913631991221502,0.19070346735619262,-0.26961554200805077
0.15826283875698205,-0.036439741464138746,0.1678755760547797,0.33295155935948895
-0.09650524723436127,-0.028864999560731915,-0.06419686019365416,-0.2738245667532868
-0.13768667863045367,-0.055431179753365846,-0.08377841655053712,-0.09486864528712485
0.03723132857875248,-0.2609959736582999,-0.32075958405327193,0.016681670006304192
0.03456987418719338,-0.03789228396984301,-0.14000665749513927,-0.03139249674604774
-0.05687244681890888,-0.24376418901261127,-0.19026322584372213,0.015075656031558499
0.009906982715174461,-0.1496759634794717,-0.2807942723646928,-0.24900908859782156
-0.2236190342568085,0.10288049417492984,0.11586465356925484,-0.0972169810157634
-0.12580835460896123,0.07932195245309419,-0.059618861801803355,-0.2550838411364641
-0.09282241361127418,-0.1001780820509326,-0.13807655603293975,-0.09979842974604518
-0.04338629923702277,-0.06695941434380158,-0.2571006846009034,-0.07844129853405797
0.10857547403630441,-0.06336627430844977,-0.19772868546360417,0.009437997053035212
-0.021647460263909395,-0.17172851864607167,-0.1729557290058285,-0.08096090513357741
-0.00261802227652786,0.005032833089238417,0.01344236168913102,-0.00821025503837677
0.005551751576784445,-0.1117327713839911,-0.1970803549856567,-0.0332860064613335
-0.10142096654858411,0.10355302031370123,-0.1520573349483596,-0.14495728444192144
0.08750180283283804,-0.00995551955979352,-0.14492111337659197,-0.09617926434083995
0.133274028868919,-0.07593627218014665,-0.1430411623758209,0.17243440883987984
-0.07898109581981844,-0.06191865058623269,-0.12893805444110568,-0.08382992319374848
0.1441542438440789,0.10487561686996061,0.0506306869022317,0.14522008374258938
-0.06625284307151473,-0.046873370089994405,-0.08521074291575784,-0.26178653921852624
-0.05250774398571097,-0.0645170672659564,-0.07296140004328609,-0.059767921990744696
-0.08488795845390643,0.09426405412432655,-0.004138160818459066,-0.09940755182742936
-0.053811188364755624,-0.03551352492743406,-0.06508563904901489,-0.12640847700819174
0.01852915226210235,-0.024193108697480516,-0.19146881088615028,-0.07563428383819545
-0.035213861282945666,0.06646692235672007,-0.07405256624965131,-0.225024992172998
0.023550614986792773,0.11507916622425529,0.1627116333021745,-0.07531147884416384
-0.12027962399066061,-0.07064846660389326,-0.11651503435316181,-0.12864402529330798
0.05877737918730102,-0.014472669690432809,-0.19561156144200398,0.22415629854988156
-0.09993984862923849,-0.01202599550157488,0.018920362311435738,0.09313500090615659
-0.03381996391328255,-0.0625213518054541,-0.06944348695343489,0.11193072261615067
-0.023094889427460564,0.07800952829040295,0.009849728832374019,-0.1738446201993405
-0.06430703180245843,-0.11883665195452549,-0.08186878926249773,-0.15480186599720105
-0.11575997870263727,0.03575141091386663,0.06212020979260144,-0.07743045844706394
-0.12206485084602799,0.035600409333877,0.1848023642009049,-0.1105419455850259
-0.20620712651684872,-0.16996798830257362,-0.09482725388695122,-0.14587974754574695
0.07416811877809953,0.029020488153437937,-0.07026121882169384,-0.07712873266558923
0.07105731026531764,-0.004999418161686543,0.052134001265544884,-0.09204898899208952
-0.0726313527545686,-0.0667432791580165,-0.08093726313789663,-0.18941984386535135
-0.13166167426215533,-0.014092832868808986,0.11959834554612671,0.015583190077634803
-0.10405981170087322,0.07099946870411328,-0.04452440637814993,-0.1524697753611174
0.05915663616389069,0.1510906009961754,0.23448259779527542,-0.020337857343648402
-0.11239104123024464,0.11659958352929017,0.28476623589363576,-0.13878535110863802
0.008649295724385952,0.08066673472858277,0.21316679177286676,0.082504010910247
0.12074644326950688,-0.009594429558054108,-0.0727702547842412,0.2836320697005025
0.10428286515766585,0.009274976892651892,0.006511457450064439,-0.09345816250783004
-0.171257072931448,-0.0113916836372197,0.05048211013343458,-0.2450617871508682
-0.07826163090802567,0.0506427552486469,0.1997074993234164,-0.01401966501907801
0.0012284512330877505,0.12115678908727089,0.0916045531958405,-0.07370709739393652
-0.016138831189737454,-0.05305437534843399,-0.02324032807498972,-0.03923635695762076
0.02962709361483461,-0.08869216698959939,-0.17047708808500062,-0.27873747274128
0.0800335672743559,-0.11644319295977013,0.11810430590590175,0.33397881888909026
0.09206385404519227,-0.03539430746985058,-0.053371258735165905,-0.17574277263813176
-0.049205490541401484,-0.08296246060503915,0.10383308600121627,0.1725841397000586
-0.08058670102453169,-0.12836431386150157,-0.21339724337973015,0.0028987815003277267
-0.03216077030279172,0.11860707210874225,0.15739158892092336,-0.1458167402534519
-0.024889838848921653,0.05113958641262413,0.15849109632726605,0.024209695458185944
-0.020517215365938844,0.020909945500687616,0.1627578990530153,-0.005141080892879804
-0.0726625809872834,0.04274335501764271,0.043913175611468305,-0.13525452182963424
-0.24983686381570813,-0.0014453713359436702,-0.08889181961061862,-0.21740629508521764
-0.010428951654730697,-0.16447229101755445,-0.17135388302654703,0.125514687586005
0.0747259174814279,-0.11977235707829502,0.05905943738256794,0.2623482950562504
-0.15827640421173905,0.05833881466126237,-0.12368491683737826,-0.2784207979537577
-0.02574454884050123,-0.030323384040097986,0.04159378289064758,0.09386317118605826
0.0527741964369459,0.07357048438649555,0.02354485166560384,-0.045993495990023114
-0.010051772407962387,-0.08641454893834472,-0.18898232746391097,-0.16957167548159463
0.10653510230618463,0.12059551284251446,0.0694088910720551,0.0368779421676395
-0.03715662980127938,-0.012322125591611818,-0.13082363696802563,-0.021119819658509245
-0.11684447213436533,-0.09907335679433897,-0.180100738797715,-0.025907539825423653
-0.005472718423091383,0.10156158328188745,-0.04303076437996141,-0.06366839641406355
0.12730194668483866,-0.12024911687132107,-0.15159644925863067,0.015538813518994651
0.09185661804872977,0.0014272134814431727,0.0030134631425486856,0.11045522832131804
0.0902628741730602,-0.030452707533161656,-0.2173308814356062,0.03814343205160714
-0.025081813216475388,-0.03768323726464999,-0.038219781068454334,0.1298336232052329
0.0047123727926573974,-0.07541654994476539,-0.11495786687034745,-0.07659152878200755
-0.04954881357377508,0.054458493494889154,0.06430645339830471,0.023793784099542657
-0.16208279033583925,0.09556802908636856,0.14751964710778065,0.05940808080452781
-0.024163392856806163,-0.06292026032323458,-0.2237756088923517,-0.18950412652407173
0.07247193769000809,-0.03960449958284698,-0.008931301882557474,0.05215411521614256
0.19331649762399628,-0.13362009055115612,-0.1304710818740508,0.28270801906566734
0.08705547293134241,-0.10202259211067977,-0.05512276945870211,0.042876317723292506
0.15966782131728685,-0.06582115479431808,-0.04914208346842185,-0.0023705176632514147
-0.07881657863537278,-0.07223655246401454,-0.03588549640951582,-0.09180418171981403
0.02600418019456105,0.12115172922018738,0.2626246311690613,0.02998797666403992
-0.06393427016507468,-0.01211700180669978,0.00930092392362922,-0.14865654250815918
0.1679020216484662,-0.010856820264261576,-0.008234824939267419,0.07683777240183874
-0.06541900778778269,-0.12179365553405536,-0.26589947592130686,-0.1588192477254199
-0.14265223100200758,-0.23924499462517282,-0.45380340365737837,-0.26218338605850133
0.04836673855592035,0.05935962757551616,0.08279612137302425,0.2393639047574112
0.025332921403787123,0.08299345930969239,0.055277908585582736,-0.13719142165043638
-0.013097192634840297,0.05236702891736353,0.04439038528133511,0.008186103846591363
0.1873889729295824,0.02150223462596125,-0.09483940761280008,0.20121565550314188
-0.016206797594794608,0.03775086703794598,-0.03622097346738316,-0.1148153902107169
0.11510642133919491,0.0014982975264300929,0.052706999711930054,0.07710198539546666
0.18575734331508323,-0.11755756329797173,-0.08865977930855184,0.069797090302803
0.10632875527868949,0.004865311256971764,-0.09733815577928592,-0.06834854643697057
0.09646574984148039,-0.11694963698270802,0.07376159175952383,0.19522874440248006
-0.03760308716848165,-0.13036000196234745,0.06990760994704762,-0.010730143890953503
0.13845990675337624,0.19526785913902123,0.22177683410148233,0.23388085133387237
0.029316707465552812,-0.11704186173055553,-0.20966378812603703,0.0920399714021021
0.09960105050632698,0.03748490923467215,-0.021243388641043734,-0.08486876508739105
0.09085927769526653,-0.09883424741775104,-0.09567343810607873,0.044041431137551004
0.03460878224147396,-0.09796034293390748,-0.013994240089958657,0.24698121745622068
-0.0581962705804846,-0.06930366120075854,-0.11861476665744383,-0.12911247340667031
-0.09550146605244404,0.09566693839571444,-0.06511086994212248,-0.2170083189628832
0.21292058112368287,0.05242276013028683,0.0898284112523349,0.2904435366915892
0.03268293368887287,0.006494272778410751,-0.025899952748567587,-0.09591509874471169
-0.13691242354254723,-0.057376802522925374,-0.06951640171776455,0.07265163828863601
-0.11869121728607418,0.027265935787958315,-0.20814761444509264,-0.07874545367066993
-0.06068839259240563,-0.0416537875778167,-0.09172315418400712,0.03113747393407107
0.02191937631369489,-0.1786735917888782,-0.2479613326767483,0.08960376855500751
0.11339634177783334,0.06592481850839284,0.10067079765227532,0.15799755329105092
0.15591961033358576,-0.055418336967557984,-0.07829252468590384,0.2656084603002177
0.11434743783637064,0.0551730832545449,0.061415909241087516,-0.17578702358160625
0.044522965371846586,0.0057430117469987165,0.11029623173673717,0.04499669036183582
-0.007709133408068449,-0.015802302778244938,-0.03143680196830837,0.12235792136490492
-0.07085190634830221,0.11051817851222266,0.1519523456127861,-0.03160111622156209
-0.0716389752788368,0.008213661705857597,0.10165369853409902,-0.12070034434964194
-0.015277024765115096,0.176061710899728,0.30482477035634103,0.05160906521190721
-0.010928561896624576,0.09523209165371567,0.16751625116071156,0.08616441194250624
-0.005292239852557103,0.15456101695083932,0.2468268626934446,0.02640275964836196
0.0288430916313993,-0.13263056680303492,-0.20583107515155813,-0.06086954074102509
-0.13931342973508218,-0.11642385698282845,-0.15822759464484618,-0.0687528326183063
-0.07145704712195883,0.055577991774871854,0.11511474041494624,-0.010591689221689703
-0.06879511299229196,-0.07556632567018896,-0.11527511001487448,-0.08505344224128146
-0.10982831934097637,-0.020565586206167594,-0.010437205935149654,-0.01577983398450432
-0.06055984188123146,-0.025922645431699934,-0.12386091701075075,-0.045692412503837904
-0.11734431922115843,-0.10500814354670492,-0.1890945067227518,-0.17495518535037657
0.02632418924915035,0.01391006717178907,0.14270909733832593,0.10133933488639768
-0.17382667461396728,0.1324620553008014,0.07529464905721114,-0.034489269928626914
-0.10110378111335283,0.054516711026532584,0.051402149740289255,-0.14509485925359003
0.21291820010655244,0.06662249673490571,0.11401872595634718,0.04460393826132958
-0.02784693557877664,0.17627254697290218,0.18210013369182915,0.0277692644891447
-0.07269776337359092,0.02620122268282514,0.021016149117689852,0.17585268074396268
0.26008102066582295,0.06980621171417278,-0.03665099198941765,-0.0630250367944783
-0.077584126286587,-0.12222901674210672,-0.08942056673235751,0.01905877702630713
-0.08646931828787581,-0.08736580424704893,-0.04623826064206908,-0.17055180226106514
0.027709475227657022,-0.014188317080632862,0.0886956398084675,0.36934187256167383
0.16388042907482417,-0.14899965422153816,-0.17750775770131438,0.1092356489070191
0.02999555232417534,-0.04123626832095857,0.11756449264140406,0.22495313561415936
-0.04042742069630692,-0.12192394197921873,-0.108323759893983,0.010934640410343387
-0.060689517705448864,0.009783043440521015,0.08048189225353099,-0.14624903764095754
-0.0053172680955486775,-0.036444164517708724,0.04091484057838486,-0.012105124922390846
-0.13427816210940244,0.10421376588894125,0.10560863181223935,-0.2157318200295738
-0.1796836801145102,0.024549219818409837,0.06669148153450365,-0.15520716024585457
0.05312936268567159,0.026214003695734997,-0.10413033629571292,-0.1528760056786756
-0.16833635730249774,-0.04167717000508016,-0.06614609684888642,-0.17438262077351244
0.14598341138870327,0.023999358053139918,0.03661918562414592,0.10833389228012168
0.10305463179991135,-0.09538935515147123,-0.06719662590302758,-0.037508156163872916
-0.023655034535732953,0.13855624999193505,0.11630409329916355,-0.15896829693580025
-0.08117372615780544,0.022084180922375143,0.06618430340089654,-0.1555147837687673
-0.106033670111486,-0.15213454200367504,-0.24326688849032713,-0.13189674669071833
0.11195188649680164,-0.04601630830154833,-0.09529166043276716,0.12931103183170264
-0.15952889930845174,0.10215241152789396,-0.008353750229982679,-0.16053628479824864
-0.02789163789070285,-0.016174946203416075,-0.0753757825095405,-0.11152926934896394
-0.02674908239759599,-0.13189905674731048,-0.2157691845428123,-0.07936707883335953
-0.18783510533718173,-0.013369503262533056,-0.04848124475411876,-0.3044549979657477
-0.06152441245903985,-0.1569497427633552,-0.27924309579409545,0.034378178803223206
-0.05650371674321483,0.019314062670620562,0.14673930447682001,-0.08290335384453323
-0.06562095568604923,-0.07468110460413208,-0.22632277164631126,-0.13774416306016105
0.12401266461797666,0.0037441940987164354,0.1298159959423605,0.06896739304751373
-0.20169398770076996,0.2714508655306285,0.22845937492550972,-0.14452945144035795
-0.07834108990162561,-6.852323776305208e-05,0.10219238600943023,0.07985854353106973
0.10489001359127947,-0.016197790148818274,-0.012470491640524608,0.14064937782683323
0.14096219097383883,-0.019796885708917886,-0.05476922808800484,0.021734043029648924
-0.09153405200351815,0.08534583273694545,0.3868461526162961,-0.020032917779131326
-0.06732081239786887,0.06036964580966345,-0.05326673615353908,-0.10672691797892717
-0.05842935224288329,-0.04198614071835899,-0.09028920209431662,-0.10014026842535279
0.01022580512856493,0.011586129843935705,0.0029838801421094817,0.05871172203321291
-0.11521291780487096,0.2128759069322893,0.1749954204212747,-0.0711586043248506
0.024006588645011068,-0.08568000510280516,-0.15194646949432594,-0.010026542256417885
0.10852093038314232,-0.06469056015516127,0.019242796039444558,0.06850230434983774
0.05794017530603549,-0.11306620635866874,-0.045384848389240826,0.2791127178220638
-0.12644569782883053,0.02628387123729615,0.0754223492260024,-0.010136216255219328
-0.03594812635465746,-0.037984896837190855,-0.03460109194077103,-0.1194494844435949
-0.09523415490421275,0.05376321045049859,0.1795531994097764,0.0872182343323295
-0.23510119477897767,0.08021679230705983,0.06493874542099558,-0.2592345813580669
-0.1500771947053995,0.18212987684530602,0.11114888076571319,-0.039870956548385184
0.17459497700149762,0.07882037981432516,-0.15316125958495042,-0.1869449451983059
0.036499046338713655,0.02292750807266092,-0.009358519628707918,0.0012028229303126469
0.023692652402853044,-0.06665744453058431,0.056471108803762146,0.144062053008166
0.07133581063300819,-0.017925405013269044,-0.07951011802473412,-0.18256063482597426
0.05339147374603821,-0.08547487670115334,-0.11404325999139303,0.030924501008869853
0.29920671843694086,0.06665351586050852,0.1312945719790559,0.033571327634728726
0.1479241106360118,0.11805746252313601,0.11332558600920893,0.07266880491315375
-0.1466893784139736,0.08412763627661059,0.14424732308915716,-0.17770702595987392
-0.059889375853301036,-0.10868999732498404,-0.05365794590892737,0.10778442841165886
0.1572916499768473,0.046567523653024814,0.014180696938068178,-0.050012216310788504
-0.09024729009135908,-0.06057207666911968,-0.20318738937293213,0.028387855922808458
0.07957629199107048,0.07964699868016693,0.007695899725274874,0.03502731201185323
-0.06595131472786146,-0.01952383187146839,0.0009135013071814545,0.04251423970734453
0.16499750973067043,-0.11091314572782357,-0.1130649960349309,0.14934550515638137
-0.035419029850560495,0.013615401366831878,-0.06069642827182825,-0.06511122753335503
0.1405194557808338,-0.16566576110021886,-0.22027761970828152,0.05731048519623062
0.09272355651032885,0.04099423189034019,0.13021932098992275,-0.009820932007420013
0.12940696667087842,0.05217076955362331,-0.06290649745679071,0.026644582472372755
-0.1361054166343582,0.012493632743741573,0.1883474633593529,0.04437621880655039
0.06105044257279524,-0.11591520449388393,-0.14239241491557203,0.1159976664314632
0.04051430424247598,0.011883702573731893,-0.029481567398667953,0.11611304172263107
-0.042820075655520456,-0.02915813065774216,-0.04903641486208649,-0.10087197027527627
0.16270154257051686,-0.04074772531787882,0.09763809340184962,0.42676145771320406
0.058087832269147925,0.00820900173888527,0.005790273054130475,0.05830273188852601
0.02461703226350431,-0.0035901728971227914,-0.14272262584413167,-0.0815933810714603
