prevalence of diabetes,infection hospitalisation rate,proportion of population over 60,covid-19 incidence,number of intensive care beds per inhabitants
0.14817029119573108,3982.870719722804,-0.04425180751361191,998.3378187987896,0.06403247827010297
0.20951455583043774,3982.848905681782,0.0015997367563493209,998.2711143919614,0.06248270931145286
0.2140461658670053,3982.8711188770635,0.021003846906084117,998.3405834536132,-0.018515949567179987
0.11137662306113835,3982.9172300041146,-0.061855671223649746,998.4118190470439,-0.030627508767234773
0.08103261320972985,3982.8635435332944,0.08686284140423461,998.3198096551143,-0.009969053086310686
0.1194137806960458,3982.9930739309775,-0.06558679958426357,998.4083187666153,-0.013863769623335326
0.1487326326748832,3983.005461366536,0.05908129596689202,998.4205900235646,0.08324432874530807
0.1848313333712811,3982.9194281738237,-0.055891330016627855,998.3091585039055,-0.07722345809219362
0.10810055927731417,3982.9225011823346,0.06396667621647423,998.4383527657595,0.09298163349700014
0.18083713541822988,3982.9021260097884,0.016844380128673203,998.2862718205821,0.010832551628248963
0.09621150841033414,3982.937345449787,-0.024395692294757437,998.3735181742051,-0.006468133481400559
0.1156267177244477,3983.008892259203,-0.05365338110543132,998.3320052095906,0.06472672652917497
0.12089493160963552,3982.8971921255397,0.0006707206835742108,998.2646636273666,-0.06399548088266527
0.06781457332883284,3982.9315515261314,0.007603603797888381,998.2915837607957,0.008763984487053247
0.12064888389060566,3982.9390650364853,-0.08151544239018477,998.3382712644199,-0.07093043837916924
0.1272931806933007,3982.891399336925,-0.010502168645036766,998.3294974571725,0.07825400022678577
0.05823788428640131,3982.962157672205,0.09760597039038585,998.3160683210589,-0.08065405541987268
0.11288186899184562,3982.87987101322,0.08447370469177157,998.4049203511912,-0.03010561344032983
0.14859183938056617,3982.852966109977,-0.010553722114394953,998.2984743735799,-0.023683043938666243
0.19762047424661505,3982.9471641814234,0.023875146067916006,998.3565537126229,-0.08125347068038034
0.1508842466644124,3982.8810080861026,-0.062068002527495336,998.3674775099835,-0.07181398168603155
0.19908473658157114,3982.923053631519,-0.05145125857478714,998.2688349363813,0.08142584472575606
0.05784212819212935,3983.0281345684666,0.019588218428451445,998.4194693835259,-0.009269213762696377
0.15339313161132279,3982.9293459814394,-0.014522135718456022,998.441208190379,-0.09116195615227188
0.2415626719702533,3982.99774786076,-0.026869333873672324,998.2559184037414,-0.08924523619285707
0.1474656587523407,3982.918064106845,-0.08261316138094912,998.3106382528072,-0.014850093326005037
0.20010829593857601,3983.012360059845,-0.033676144034259406,998.4078242781652,-0.0007294892276031167
0.14721692008706072,3982.995525507819,0.0704263893965685,998.4298452894432,-0.09811243325619252
0.2144659632201935,3982.994562902424,0.015817084786842003,998.3223680967579,0.033528691662905535
0.14103297291997885,3982.9394624917404,0.03934736670915434,998.3395431227215,0.024128919508177124
0.09802304329166242,3982.933023338168,0.09606191455581475,998.2680540395668,0.038246849970821006
0.24353896804331382,3982.8805242148005,0.09688611081188722,998.3697353922792,-0.04804717032838382
0.18893670070117768,3982.8590675683818,-0.005408021797140061,998.3415371827256,-0.010234602547260163
0.06543789786398141,3982.9241759764045,-0.04350604850619764,998.3352453894869,-0.04621826794491431
0.21996734043246718,3982.8821593746816,-0.08014010110211059,998.3594204038657,-0.05984323633101214
0.2127958176525151,3982.9728910754498,0.05593102270058056,998.2830461762605,-0.08831736519623466
0.14651341472368856,3982.9682052010585,-0.027670414425995812,998.2742710294265,0.07594692110531331
0.13862632817252052,3982.9146349279163,-0.01716307831192125,998.315431371195,0.025766736728678324
0.23758848768918037,3982.9241340211806,-0.03421792688272825,998.3099384856783,-0.06323683813474712
0.2139056559658915,3982.8832050144315,0.0171934639679395,998.3538504689293,0.04386693052243973
0.11961870432565784,3982.869682631101,-0.05039136034997804,998.3093684904258,-0.08850118736865752
0.09834550914464202,3983.0330775975553,-0.061446146678488335,998.2782972825759,-0.05330990772424578
0.14769072879035233,3982.946916655988,0.018353824881459133,998.3366197549807,-0.06780189106896933
0.19492760862465383,3982.884774787922,0.09746850470417631,998.3940350102895,-0.06529408386657379
0.16395322668169582,3982.957872599293,-0.06577734667449522,998.3121448030098,-0.0708674233763753
0.20610817929404252,3982.9960704311566,-0.023788080889728697,998.4125180764437,0.07918251892088787
0.23709532337442168,3982.9669678354076,0.0759559170595738,998.4235596559773,-0.05755612272375339
0.18453727387726188,3982.959352563179,0.012161336958787891,998.4039864131024,-0.096767803091234
0.17138278803488424,3982.8933304283846,0.06609313758212063,998.4485357226533,-0.008446299605746693
0.10317042201856458,3982.944476400823,0.05555357375984582,998.3191682183606,-0.07871752059321911
0.17094554224261302,3983.0313527862827,0.09878066729738225,998.3095254155694,-0.0707930481890256
0.2192033726683057,3982.9172648095187,-0.013520069518001998,998.4212292063121,-0.07432491447008574
0.09459561794368185,3982.948154460182,-0.03757376472505574,998.4359398559036,-0.055236000301417044
0.09721487067922527,3982.9262812149545,0.06951099046708506,998.4092329532714,-0.02984919300195661
0.04561965510578822,3982.9174377376034,-0.052694089557824265,998.3237567412222,-0.0008804163511265256
0.14648941633272372,3982.927748573493,0.05457962896810775,998.3988421979499,0.02755256053004093
0.1249351298859265,3982.9093406288735,-0.019704820453141952,998.2897988373891,-0.08614568510903886
0.14563650139028864,3982.9995503677374,-0.06037631702631135,998.385749383467,-0.006037983261808072
0.1955214643559128,3982.8564142343953,-0.08175230370442994,998.2550718902897,-0.05323872620389816
0.15689003915209884,3983.032314427306,0.03614033938682096,998.3618243659519,-0.06059976568151453
0.15468038729703487,3982.8767964285453,-0.007832367798479595,998.3081803117446,0.028305169565301047
0.24021884397767693,3982.986065101432,-0.06233841029343632,998.3008968287609,-0.09642632533240639
0.22999931756998981,3982.854443962799,-0.07848283712573963,998.40165879868,0.04841547685653688
0.2232614588747106,3982.9349865494573,-0.03395590813708407,998.356252759642,0.06285078089080132
0.0469543394541454,3982.878500282717,-0.002700574764674224,998.2824956116643,-0.043058018373397206
0.04774371271341138,3982.903645322908,0.03552638697654267,998.3021688581644,0.01623483239558432
0.17442276821888622,3983.013884329301,0.0703233707057169,998.3783778604932,-0.058836185854507145
0.20205213665121102,3983.011584566029,0.03592933471373888,998.2785788450669,0.08059697281264144
0.1935849734236782,3982.8682725934937,-0.05180288729584773,998.3736661464848,0.09131865839808756
0.23423123062044207,3983.0243885417194,-0.05656683291792695,998.4490543648772,0.07173375449708749
0.10389718192821071,3982.9741355122237,-0.0491235703280015,998.3905811685934,0.0665673213611277
0.06117677178386516,3983.0244791708465,0.07520426198722835,998.2726438038038,-0.0009781834809757806
0.19523678506341094,3983.009499785099,0.0926048334289222,998.2902906958742,0.01897223178266516
0.09022152772119174,3982.97907190063,0.07494875679487939,998.2946837381919,0.08968838862955716
0.17301382492128933,3982.843529022466,0.0069683697409594625,998.3551729919352,0.07434481938884169
0.0786804602343123,3982.9316254386476,-0.08685076059850326,998.4372327823135,-0.004756522317665407
0.2366199431082999,3982.99441102978,-0.020348130178318533,998.3172713070203,0.048583561092206795
0.18466983657881594,3982.9438010751855,-0.05344686759147668,998.3767334733895,0.03964718143238602
0.08083747591604257,3982.968985111183,-0.005783794222403799,998.3469003161723,0.09435645063294781
0.2146763459848797,3983.0038439685454,0.03621697045436853,998.3347361088953,0.08489635529756523
0.20869115209618977,3982.87731897327,0.08796001934370093,998.4310781801969,0.08640211695265942
0.11428346761470917,3982.939434780716,-0.07486845557266185,998.2501645690176,-0.08406316127709185
0.224609337444988,3982.8829091967023,-0.07667235616944323,998.2875890179611,0.03357558905169791
0.06410831459167389,3983.032369461417,0.05414319076913074,998.2598932114752,-0.09563284030971825
0.06932636536020809,3982.847123304623,0.007126172482075921,998.2712029230373,0.036667857336617454
0.09074893282141125,3982.9881898877366,0.0934182952489526,998.4099135183975,-0.01140169476571988
0.2163981875440427,3982.8537565181527,0.09675150091858642,998.4141427462673,-0.030699174746034383
0.10249277655528735,3982.9872024766055,0.09249353917939096,998.4285884652276,-0.05400559857755949
0.10916750050116261,3982.9281656833714,0.04181878747932741,998.255218595416,-0.09390449402938872
0.07719521653396308,3983.030725624055,-0.07608338052955288,998.3547869121401,-0.04941186872001513
0.1387233660278669,3982.958078133423,0.045644164806212084,998.3748891186536,0.07242922937040666
0.2285638333943287,3982.9403108182696,-0.047059433025180814,998.3181530465907,-0.08519338611692864
0.09687047208674752,3982.902231387936,-0.07840668714939153,998.2950783932973,-0.06356116707883737
0.1684858187926638,3982.839443820975,0.05491226935105162,998.2691860684033,-0.03645336870028147
0.21681037013999718,3982.9714771687736,-0.05285475596008678,998.3833704934382,0.07703922217347348
0.2334663127780824,3982.86760739958,0.06823128029000222,998.4002942447933,0.03368259977485635
0.049070112168469696,3982.940606541983,0.05551003731338064,998.2597272793737,-0.07370643657788878
0.19151598442069365,3982.9604773877854,0.008998399890351422,998.2973376869386,0.029470883561639266
0.11134969969000341,3983.030832858001,-0.05746906145134043,998.3927361469349,-0.06821918794805634
0.11298518150203259,3982.9830976959397,0.039402045088677284,998.3264144013473,0.09583323080598144
0.1544364694042703,3982.9180549196108,0.06644615148608773,998.3153454847909,0.03441258330671565
0.12140859861703886,3983.006042681352,-0.020858677117567392,998.2860685907566,-0.055577157304492045
0.06676425544173485,3982.845612477611,0.022785210490491953,998.3146976596655,-0.009462929049359331
0.14368631411819247,3982.9436616927346,-0.0403508110864326,998.359237861963,-0.09087320477805982
0.11004664189383985,3982.9277459719488,-0.022442760637681733,998.2905566068448,-0.035260369723079624
0.16014857008534394,3982.928349413901,0.04892406958177173,998.3255001023535,0.061612279064021364
0.24090095967420286,3982.972211593787,0.022760946483456015,998.3254328215282,-0.07928380509454097
0.15089698441664448,3982.949706138423,0.007754249305969532,998.375668276616,0.02468711172565992
0.1639619893397042,3983.0030170278133,-0.0958447295629832,998.3878497343507,-0.07245595086169827
0.21746141774426384,3982.8427760386153,-0.0664713041479735,998.3880303101437,-0.05063651945149548
0.11884348032504656,3982.9855548108617,0.024426843768820608,998.2735868233253,0.04531471255956393
0.17023218928164774,3982.8379185446574,-0.06930599482618867,998.3750777555932,0.043477277551899396
0.07961199402667471,3982.878771974866,0.03543318314580954,998.383553124928,0.07872099625219073
0.15543390748496672,3983.022681660994,0.004718062756353378,998.3747458963334,0.007801436121725319
0.09793577319236361,3982.842984193396,0.0696168902718419,998.3968775429834,0.016172134239035935
0.1929996322876738,3982.8388247512707,-0.07081113739765849,998.4081951640162,-0.07617939303583057
0.20103943356560433,3982.8750212936175,-0.019739564332927895,998.3370107911376,-0.055113187529883145
0.2024327144418006,3983.0178472142,0.0582638064136721,998.264838393204,0.04254989930172107
0.14476989374880028,3982.884580304128,0.04569758751281325,998.3292374908414,0.08609207112796324
0.14873427637891606,3982.9052389721346,0.04421447673195383,998.2936224285668,-0.03472495012393924
0.09677737022121136,3982.891720816555,-0.05274320802268957,998.2611704721828,0.02870433070286013
0.05144129678870546,3983.017448702467,0.05089360391330733,998.3624196922458,-0.04503361770101011
0.17821485247518645,3982.890450265736,-0.03292651242100768,998.3866881249461,0.09739438035307746
0.05021445289550146,3982.8546065352502,0.0422804122661713,998.2550866717862,0.07716426973556878
0.06631243367709436,3982.8420751144354,0.08693211784298671,998.4066466714443,0.028496772313059415
0.04789914690751171,3982.9811441945303,-0.09813051527518912,998.2985067681964,0.003227732434507871
0.16006313576010703,3982.935093589399,-0.05440085872027989,998.4034029937511,-0.08319155179976308
0.13034548022548947,3982.8462473106183,0.053756871999506184,998.2962868601569,0.043050416290158766
0.11820435288659227,3982.9708081647186,0.026438092711480815,998.3909056106289,0.04883004233640603
0.16374582151311667,3982.8461648670573,0.03148526833424223,998.303982159563,-0.043368622320100594
0.05298479361680543,3982.9408895690362,-0.0512322818645002,998.3822352628242,-0.04393974814902244
0.16405357812202892,3983.031292596979,-0.0631923160984195,998.2501558167944,-0.04579252621534509
0.18801454045397908,3983.030561828876,-0.05937831829043177,998.3967863659634,0.03606668403147134
0.1969120815575268,3982.8958188932675,0.014776508326888038,998.4381667962076,0.06993304759931415
0.07133949065832061,3982.903854387936,-0.025622783003497518,998.401030563286,-0.03499837922670479
0.1088702533519765,3982.9967625267427,-0.018793152043333275,998.3935282324354,0.055034011420710405
0.07280130074766737,3982.9526272323865,0.056707561090412195,998.3183156992271,-0.09727623167133913
0.12222460277734884,3982.865834413658,-0.07102762045982505,998.3530601500702,-0.0426779962453776
0.06444172318439312,3982.9340500388284,-0.08638284319893091,998.3521973497674,0.09365636908596092
0.14414616743269482,3982.9596761107664,-0.04400909663360129,998.3507887989064,-0.05275945787887531
0.04505859587441885,3983.028443810173,-0.09705235353337134,998.3954247372153,0.09132080826227923
0.2439221819141966,3982.8878524034158,0.08417910082109534,998.2688721674654,-0.052034894163722534
0.12460587550003868,3983.0043030331817,-0.08318867981883432,998.3879340140871,-0.09711289795171126
0.19630840783422296,3982.964973638572,0.027619358348017986,998.3428010380643,-0.013052520222781513
0.206703444100959,3982.8537844841385,0.04349403068853025,998.3587422582223,0.0924120128341423
0.10923276447553516,3982.943719009821,0.009065590886053895,998.2709831155008,-0.007849917834757442
0.05296219413207398,3982.929849443616,0.0043623686388501726,998.2509615344666,-0.013441188972792645
0.1641605920147317,3982.987190587003,0.028740953160554278,998.4181443734226,0.06348133680095253
0.20166529173171183,3983.021995246175,0.06318714265579425,998.2928950397524,0.08671743147843133
0.21877625479065146,3982.984188746294,0.06773925487681076,998.2997807202391,0.08992872260655901
0.08220652359882212,3982.8555743582347,-0.0751521292582823,998.2734926756666,0.05457457821737202
0.07111790574401293,3982.8608437247185,0.011309659614800752,998.2527615324382,-0.004042311088025441
0.17025849559295397,3982.973661391874,-0.024734028891429102,998.3762663496259,-0.03270954821995438
0.18943679935685187,3982.839417438437,0.055799904540653394,998.4379330086815,-0.01853180542526027
0.09442547773462955,3982.844247791292,-0.0714965753304593,998.2930745821773,-0.09961983723461457
0.15594362279648388,3982.9192306005025,-0.04719427208571641,998.327409609747,-0.06030559580907316
0.05528896948865214,3982.963126312913,0.02860746979577561,998.327773419593,-0.019238293652280067
0.059421530749252355,3983.0154556247494,0.055675890297381514,998.3295934711572,-0.06742758289842726
0.16264884503539356,3982.884914944216,0.07713162985490984,998.366754761638,-0.08045374565606467
0.18609892620054366,3982.8727481630335,0.028715431523869378,998.341976247948,0.05217557875343656
0.23573564452154536,3982.9999649765828,0.03298791011561805,998.3924441102819,0.09062353665163694
0.1773725705913411,3983.009476584046,-0.045906497373283166,998.2922564124844,-0.0664340529931769
0.21969816864398847,3982.981170381785,-0.05000084594597203,998.3335240657984,-0.03274334968776686
0.14702520253227924,3983.016111771084,-0.05898263612622237,998.4390508393591,-0.02615782411319932
0.08490099448378846,3983.018194144206,9.79575553199108e-06,998.4246724997713,-0.032476227539921146
0.12121977187429438,3982.97287672817,0.07982759428533465,998.3608650389152,-0.015232601927893469
0.2341888282510191,3982.9873870251417,0.010059861731703118,998.3567183235704,0.032025164176831655
0.09920094826379272,3982.87870902033,-0.040928831417604755,998.2768176121755,0.08357351918604394
0.16515080710651062,3982.8551080304164,-0.03295055736755806,998.3600471580303,-0.07725210364712516
0.18414521751432444,3982.914215927317,-0.09403469710406803,998.3457662577564,-0.025565604231211334
0.1429049200818337,3983.0039135944075,-0.05978597811423412,998.4242740247336,-0.057682238420460386
0.22451556905278422,3982.89122972328,-0.03162824855764766,998.3005688573061,-0.04970723326967217
0.1858252882723219,3983.034660803736,0.024817727975257983,998.3576871249348,0.08854130855065528
0.08972015460327737,3983.0083402966425,0.0825652425637877,998.3926620882737,0.058023821639642675
0.07325287650828376,3982.842990897723,-0.018436863152428984,998.328956393486,-0.0762359637178845
0.1971321052227037,3982.978441304411,-0.030924243837477078,998.3843315017857,-0.024548619311086983
0.2245319865677079,3982.9071672860537,0.08405598870319675,998.4269208121431,0.004293184802379793
0.23890208806674404,3982.978736367068,0.005534362286988781,998.4012865380188,0.04379760564483187
0.10541674285658602,3983.024667125808,-0.07248748482861406,998.3668730944498,-0.09520632359578658
0.16840112630256313,3982.9026886440106,-0.07009758826218854,998.3282592917157,-0.013535522981748024
0.1933371542288225,3982.9442875372165,-0.08107119083720848,998.2581388354802,-0.014380292825309698
0.15413498842555992,3982.943362834897,-0.035780543996755496,998.3920977642971,0.09579166930137181
0.21912814368495806,3982.990613013198,0.013842894465139644,998.4009791922812,-0.04925507205390594
0.09256766839916464,3982.9274907774566,0.04023059511519045,998.2631687796581,0.047228446783020905
0.1066732657183192,3982.968671212407,-0.02439872658439539,998.4389806046955,0.05777366141985432
0.09246688592090328,3982.8637051904957,-0.03384014222332675,998.4124670201671,-0.03505604942580416
0.2183405956089094,3982.8943137643146,-0.021945425789409306,998.3598260679563,-0.07621823432015383
0.1757072926281669,3983.021906005281,0.07076188733671715,998.2673096442979,0.02301327368195867
0.19106868095657176,3982.8941625481352,-0.07450578780546831,998.3239723108742,-0.09986234661067075
0.08868340253582711,3982.9747816661397,0.020299374706470502,998.3156199956593,-0.05556485531338922
0.19409514968116567,3982.9382186719595,0.010181592731760516,998.4470137624627,-0.04556559542971486
0.14194725296192345,3982.916167450161,0.0076745163017790385,998.3916304959689,0.09897221369702278
0.15012789963097922,3982.960321161549,0.09020253510082663,998.2894485274506,0.0750251997458162
0.10178707714946458,3982.9730493847883,-0.05032123672370346,998.3435413751326,0.0003777187466797727
0.1524898262732806,3982.9600947453537,0.05608807579588301,998.4156457267857,0.020179093373057302
0.18482115325175313,3982.9318000453877,-0.033579189798772155,998.379374776962,0.036563514111884104
0.20677795770880764,3982.9633069527817,0.07714048171276958,998.4028083693803,0.08210807696963826
0.21511073574194836,3982.965259998645,0.018626086317326623,998.3780316668933,-0.06949856015882322
0.09555497187572587,3982.8745307708637,-0.08619977903388376,998.374127996725,0.06680353217335427
0.05644080503704649,3983.021312927195,0.0390440114632874,998.3896544289453,0.030371530960508902
0.22233704852907382,3983.0044305323804,0.03159778039909239,998.2704803576294,0.09602210698178418
0.13397839247464377,3982.906291082614,0.052020593562222966,998.285736436064,-0.06470132018002347
0.18059272173204793,3982.9344923981803,-0.03773565623502371,998.2640489773961,-0.03595990302743979
0.1371566724414117,3982.9777192338292,0.07752458838494211,998.2986643421874,0.02500132238548136
0.1494279551310987,3982.941486240362,-0.07311884086429764,998.3669153923039,-0.056110309701184115
0.124190269708354,3983.0256718719493,-0.039039703703423245,998.3158918817011,-0.09510443379341185
0.22722399271902158,3982.961094694952,-0.028996387388851616,998.3842846191396,0.05262277815926569
0.21854475511400673,3982.898528742952,0.002294373098239516,998.3078806500799,-0.04412138474330627
0.1693517373887367,3982.9055469390682,0.05212007724066128,998.277187547673,0.0077230612250386715
0.0943336195401725,3982.935600811339,0.05713076977587872,998.363984233412,0.06405215565878464
0.21506701671934514,3982.9824362686377,0.06401098786058129,998.446341748488,-0.04745476416625874
0.116149082123808,3982.835176320298,-0.08110437936029609,998.3737700982125,-0.02646601484455184
0.2370223235913029,3982.9406792757977,0.08944551209093476,998.2729099116527,0.025036940472551228
0.059148282736270597,3982.8374839296534,-0.011646342733563422,998.3142370677665,0.0008778341072361445
0.06760225279063485,3982.9151264859256,-0.030413841282376078,998.4074875756972,-0.03210350833295497
0.1509956591546892,3982.9796301978067,0.05424227085937,998.4327790642033,0.0517543786619927
0.11923403123314653,3982.8491467669437,0.02748163166391035,998.2596301667081,0.09862171098199146
0.09588208038534249,3982.9230668527944,-0.054138028284262264,998.3724593760132,-0.07553789061487506
0.11834937690785989,3982.8821033626787,-0.03814117350475859,998.4437345763625,0.062148392782771456
0.23057730345572466,3982.944609665588,0.005216790221108811,998.2693008388679,-0.0022513502457079115
0.10271850253549647,3982.9807608525625,-0.051417040752790126,998.3778713506471,-0.08908145636769278
0.1536606350832968,3982.9461270943393,0.02477316713908742,998.3276533197916,-0.046826955275519215
0.18835973091787322,3982.957247697195,0.09038190024613038,998.3277946121846,0.06903578895684775
0.12906253338327583,3982.9776265214755,0.0658005882054585,998.2633366053645,-0.09501628713708299
0.08487696719562027,3982.967286877971,0.056613155720095815,998.3027613568961,0.04785453966412495
0.05427756926307348,3982.8765996178604,0.09495351945327046,998.2836529729436,-0.009680625801739715
0.13087511739104601,3982.902082575627,0.0595970410089261,998.4443738972477,-0.079383225053834
0.17442959795651827,3982.9182646535123,0.0463069621877891,998.4260252081282,0.08682186425154356
0.11201358220279047,3983.0035150607764,0.02713748492214607,998.3631113259515,0.07757228893909551
0.15517038599254943,3983.017764977872,0.015421617373158461,998.4261575658552,-0.013146074355787046
0.06371904494774999,3982.8867591134745,0.09937618892175457,998.4216889586129,-0.017394136728689905
0.1794499585784624,3982.8630236314343,-0.04123268149607289,998.3278994158072,-0.09534539254683357
0.14544318093019107,3983.0260919875377,0.08033494030267835,998.300005174181,0.009366525080926766
0.05818638421669842,3982.9907533371816,-0.013902998948205236,998.417645046103,0.038609969202694855
0.16508111005582718,3983.026799342243,0.010196303439829052,998.3870150438022,-0.052967148151724035
0.21991247915780085,3982.9758717961663,0.058035471720575216,998.3987751825898,-0.020960731742746236
0.09622522855488451,3982.9821693682616,-0.0635341125304893,998.4033119631188,0.07378938541715638
0.16341053779197265,3982.9089182358184,0.003999172928860123,998.4166367119901,-0.09177871138137855
0.0648870122213469,3982.889159552107,-0.06816529444796988,998.3632865546588,0.09770666726965935
0.22114268804545503,3982.8805745889745,0.07773423028723134,998.2741453365244,0.07658617456793138
0.22918868166233014,3982.979303982852,-0.041462423476428124,998.2509277888036,-0.050951556042723084
0.04971364142759138,3982.9351002126623,-0.07550258164862012,998.328237582632,-0.08679926199609385
0.16962476654236808,3982.9212500170715,-0.024082460932907085,998.3454234628209,-0.027953393292080422
0.04627992921008263,3983.026885662553,0.003092404866749915,998.255575370456,-0.08640769895314111
0.22522737084077524,3982.913471141769,-0.07559359179085803,998.4067549882437,0.08462205639263506
0.214100810537233,3983.008342924959,0.09190516832027534,998.353044794668,-0.023223177858037652
0.0766853841640132,3982.9457654271537,0.05661525313206392,998.4142127852248,0.06563618649338551
0.060463481911759584,3982.9691478267837,-0.066996155751852,998.3770251762973,-0.0024014705816509385
0.056751050677433065,3982.837413445022,-0.07749525945953624,998.3811511396135,0.0352002161774686
0.24256639517437104,3982.9534217476053,-0.0422269173105144,998.3582982029907,0.021932026544247238
0.05059837602321064,3982.953979352418,-0.0964300594887412,998.4172775686698,-0.04581886751118918
0.06248122253489265,3982.9490145127975,0.02069677364928077,998.4210131600377,-0.05578447160482321
0.16363118185060677,3982.878690570865,0.08946833685721933,998.2655703328462,0.07506551259145752
0.06702120827141879,3983.033834564312,-0.017505741287327736,998.3675543481187,0.011453150671350998
0.21216032588254852,3983.0132537738914,0.09956470723636884,998.4259530137755,-0.06775348937279121
0.05221203313046746,3982.897436965277,-0.051308545729901116,998.3763647747736,-0.07955488954948525
0.14690430793502335,3982.9721452783347,0.09481281889701118,998.3553590719464,0.01979735353928691
0.2047491849998466,3982.9507864269312,0.05434319445645033,998.405948836822,-0.003117308224367177
0.058256320711649115,3982.9831404689353,-0.09245912643868676,998.3164114123999,-0.03187084497682745
0.19678262678499311,3982.855229808352,-0.08987759639326098,998.3553595112717,0.028376015038306723
0.07395386678750943,3983.0188777068474,0.09911270805299324,998.3139867855296,0.011911969252660332
0.07672724018159191,3982.9613628271,0.0864604321543003,998.4154864334386,0.003867155288553234
0.221795834885364,3983.0316636880584,0.022704501830277682,998.2738638799177,0.045210127402958045
0.18109870344301365,3982.996092608057,-0.03616183149993989,998.4101230445063,0.06474235541691284
0.12722115609203227,3982.920741217218,-0.006990891385959125,998.2648691509388,0.010038620907248677
0.07902540811924247,3982.8755984562267,-0.08402842730675185,998.3841047081885,0.026808718355188582
0.18085950805674705,3982.895734918397,-0.049135715519931546,998.3824077233296,-0.04329518990725394
0.19534971420328542,3982.964557780811,0.0778927693356761,998.3638358433453,-0.08820257559500894
0.175057417046991,3982.8781403881067,-0.07573176197357641,998.4402614945822,0.09151448391748968
0.09487758472731281,3983.015229649206,0.014085317809665224,998.4479184368146,-0.06761800058094558
0.13457711016535,3983.0317068479712,-0.025284619337504297,998.4257172330165,-0.07799925688053994
0.05212679270453906,3982.9297636954134,0.0260813266422896,998.3815929671833,0.0763986690829723
0.12512258419999137,3982.981666957502,0.022669874430921652,998.3856219133214,0.07512508530487036
0.19498243777166532,3982.9561967427485,-0.0642224330597477,998.4144427733087,0.08067766394302298
0.2217370989529228,3982.990514953138,-0.06881543733750828,998.2499740987645,0.011458675210415686
0.04942230672363154,3982.875865653748,0.05608327110450065,998.3706589083091,-0.08733510665705707
0.11675131182293563,3982.992600176881,0.07300250178381745,998.3045380107999,0.02125028597278447
0.07473691963219325,3982.946094288423,-0.09833209687682853,998.3881744233148,-0.015495796176089913
0.09932199520158702,3983.0047620738483,-0.03280178288210281,998.4473496544156,0.031134616843185692
0.23713808016834834,3982.8493228802176,-0.03902390455065363,998.3685721873026,0.08244089731535412
0.210310572653138,3982.8396452778707,0.02189590146671945,998.2607720019198,-0.02898953898799013
0.0983731540809327,3982.930905538263,0.04050705825365414,998.4328086221582,-0.003211345374516464
0.06460992705409023,3983.023430813855,0.06057143406783083,998.3989871035053,0.08663542746503403
0.06833301292700117,3983.024450284842,0.02483617877904895,998.3345132803652,-0.017005180532120343
0.21032461492202706,3982.9979725167514,-0.06885356159959351,998.2758685714158,0.0787549043679493
0.12460852614438382,3982.8969153566627,0.09213341720082527,998.2987840816821,-0.09004116379892083
0.18216610474548073,3982.841510919801,0.09779933569107915,998.261890021247,-0.08323767088396734
0.1542624229368141,3982.903992171909,-0.0005775138063338625,998.2515007927365,0.03355358229183997
0.21196964230214768,3982.870352596616,0.04036548621322683,998.3048002580516,0.06308466547828306
0.1412466906111394,3982.9561221779063,0.08501600453569821,998.2679289605682,-0.047314114934314436
0.1859676267492681,3982.8755589389566,-0.09698870314903461,998.4073588514937,-0.05459967656663611
0.2226861227293817,3982.9006642511877,-0.04497601128738347,998.3936061759009,0.07387815102591608
0.14507379873557474,3983.0161673302114,0.06639637197492523,998.3774427355589,0.07137122631248538
0.2255811631471279,3982.860809896001,0.08338890943032845,998.3189565260391,0.035051846421675636
0.06800317851845487,3983.0053211442932,0.013422291011438145,998.2874198448571,-0.002724853592946719
0.13075921774476795,3982.9480016532675,-0.07982393430938726,998.3681283039666,0.0426847565997234
0.09523535853406476,3982.922817576723,0.036652343222459305,998.368843393973,-0.011952427277491837
0.1513371042930424,3982.8371317222004,0.06226815206594094,998.4268846882214,-0.060396262046843945
0.08115559401070264,3982.9099975190566,0.0767136154137896,998.2763107286597,0.08413290684807376
0.21955326700448372,3982.982144453839,0.09163394571012609,998.3942947834472,0.06789350157961999
0.051261248669146955,3982.868153361918,-0.0514976450848687,998.337713279157,0.055832390963388545
0.07728631219607922,3982.9502147436688,0.09668801151176923,998.3801648674893,-0.08997775108607951
0.04960351272582768,3982.8882052413223,-0.07989161874067066,998.4244436590637,0.05754075743111817
0.09732060509686818,3982.8453195276306,-0.03795904425328487,998.4025130878003,0.055588735875776285
0.12704452595656046,3982.9054246069513,0.022168024122250315,998.3809339977848,0.004962358681329021
0.1528245378706926,3983.029753077492,-0.017292556877654047,998.2820538280224,0.06893570196724419
0.10889108681549194,3982.9163420101218,0.005662027352699647,998.3675996020108,0.09369351377894017
0.18894669720307627,3982.8850526148885,0.054210716825067895,998.2784624051147,-0.0011046671196464075
0.08677611942009952,3982.913943096409,0.04748639309881153,998.39510898113,-0.06261894758992903
0.08981742267950751,3982.957819371467,0.025746660045240566,998.4172197209851,-0.09518278433665575
0.06806867164035928,3982.929215128962,-0.09826552426193261,998.381854121652,-0.08840261168352391
0.09236412693140875,3982.945961032438,0.04942196974225149,998.4233916101157,-0.017285380415810098
0.1964351957972006,3982.860126699593,-0.05936542686282673,998.251657661117,0.0715311006166533
0.05200431475832784,3982.9162639502815,0.08115662909279692,998.4328367239835,0.04122622958546546
0.1039793943893638,3982.998854854714,-0.06726895014436687,998.4073440607137,0.07943295468404396
0.2013737948931822,3982.9077795387707,-0.06238307384570141,998.2909934298243,0.04589219536007216
0.048727815972956764,3982.857001498193,0.053761805030862725,998.2714583177193,-0.04801670886523368
0.13747731933057708,3983.0347611423613,-0.04221743464182921,998.3589688673902,-0.019690757067541503
0.19269352655026492,3983.0291415528004,-0.002456342691741817,998.2498710662775,0.019872756117473772
0.11069973239608956,3982.9185934261573,-0.06471612761464081,998.3593861762016,0.007401226713295642
0.21998053010605154,3982.9097508484124,0.08828079670502159,998.3493923827243,0.038769283934589865
0.18600481153244888,3982.88031768827,-0.06932401139165081,998.4029180336923,-0.04457905482091176
0.20160749113428486,3982.8399703992427,0.005895626243768673,998.4252460943692,0.0036438474899063433
0.13676501495113697,3982.892779858527,-0.06944750082800857,998.4245726954326,-0.09749156874074626
0.10586644432787068,3982.8438164149097,0.040325619954972136,998.3169560552483,0.00898034560244873
0.2419825857131234,3983.009758275347,0.05354233070120509,998.3782111899209,-0.04488525960746786
0.06171653573923998,3982.9916731618823,0.04197603363897501,998.3550169614823,0.05097057685087483
0.05576587221085602,3983.0089111029624,0.09418304808802255,998.4204194853817,0.06858820585492409
0.054731794140533974,3982.9895523422074,-0.07895273910623846,998.2974937531758,0.0310093500766096
0.16177909287366393,3983.0279944980402,0.0225096374789783,998.4408749660479,-0.08720084285868251
0.10050739417735469,3982.941628938192,-0.09654722788940995,998.3659091621067,-0.08952892431389861
0.12251392889080766,3982.8886663423186,0.07012748123477733,998.2844421652399,0.034889107276548786
0.07737632036221431,3982.9406494251866,-0.016277799739567972,998.3652702149618,-0.029361285817679092
0.10530227672396655,3983.014708881916,0.015085374370167798,998.4141094697918,0.009981777691595028
0.1257593570718733,3982.9434953408754,-0.06906257223339647,998.3558467900982,-0.05073280507402627
0.23892148783881392,3982.9510757544404,-0.04047857567318902,998.3947741365395,-0.013128544750495713
0.10606058694853937,3982.8678125718397,-0.07710703782447506,998.3803137161934,-0.09673413135103037
0.2249657572726049,3982.9729221000193,-0.016093309064394296,998.3423547935661,-0.04692616256209497
0.048649447369587095,3982.89187248653,-0.04735782379553926,998.2830822932791,0.07758241912869548
0.1899573824525856,3982.864729233252,0.005704460775533299,998.2649595596969,-0.08348026185469748
0.24027595136332194,3983.017062517913,-0.05944472768583933,998.2763891025062,-0.018007954170707913
0.07922298402848782,3982.944863813977,-0.05605042611709874,998.4397085975324,0.05031482743539434
0.1506717699116376,3982.995651706038,0.06555051438654014,998.3634493486912,0.0802384766975317
0.07666425997293744,3983.0040599389863,0.0473284313183589,998.3169139064469,-0.010217245799499564
0.21727557989308677,3982.9654918174206,0.0030840779174295674,998.2751452714597,-0.07642090275685708
0.20821775002776957,3982.954788111418,0.036475591559844756,998.3048935252633,-0.09774805312160582
0.09652475255955388,3982.8712901421245,0.07850966585139507,998.2740489853646,0.04468649077725306
0.20308267290998028,3982.974073482133,0.04772731244152767,998.2630308797457,-0.04315290370736691
0.1720569241282201,3982.9362148014634,-0.02634723858020356,998.3202419458057,-0.08710732826480128
0.07230060139826268,3982.9448327137216,-0.05964129716467575,998.4213184549816,-0.06905451865268614
0.061597711427284554,3983.0267184714116,-0.042870675201906176,998.3526408110951,0.07283504892819123
0.13905296021895036,3982.903039798021,0.009983053086445676,998.3649376953323,-0.07001551292890083
0.09574257040719829,3982.9124024414364,-0.031748821230418556,998.2841903049509,0.051673470352747525
0.0857415927951159,3983.024599182303,0.094441260579293,998.305830942341,0.013672553657530659
0.2174354485946258,3982.851644743444,0.0671162286414797,998.2778362723795,-0.029946787286726603
0.23961816955515874,3982.881341351685,0.026060678403260734,998.4019866210097,0.05414936511163462
0.1958400931517773,3982.839723657349,-0.02310277953384625,998.2562741990284,-0.028190961387728544
0.1095199336408307,3982.921869400617,0.04126390389676368,998.3579140351081,-0.039270531171626204
0.2413864027419969,3982.957276156195,0.05901963914753924,998.294350729937,0.044924477497255755
0.08098793426700937,3982.8477318281,0.08322904457105307,998.4272643693123,0.006314577103255364
0.12742052490336966,3982.9279651845845,-0.08836298490153552,998.4404042125544,0.05868425706300301
0.1889325078370297,3982.9083916691143,0.07648030176287599,998.2671208333621,-0.09219742890904192
0.19998429611680021,3982.900131868453,-0.07338864030222242,998.3827337394953,0.06865956872468754
0.11363324561864253,3982.932509142241,0.05578420884499846,998.4430712017014,-0.0397976917774753
0.06702529744294383,3982.8406653406546,0.050116048485271875,998.4156359557801,0.004059738734965873
0.05175747454323054,3982.899036520345,-0.049250233658829835,998.4161717000552,-0.08344499719258812
0.23333562049615272,3982.9618557851195,0.05847833183811704,998.4341042428086,0.02354732498169483
0.09840657028881347,3982.8933509396725,-0.0042536086371916665,998.3778942281757,0.06007401791558584
0.2219607527008903,3982.9910645728555,0.030056259819016773,998.3490173398387,0.013174775200775077
0.23610450260666313,3982.8858443886365,0.061552341564424545,998.3679738940226,0.04692466068106585
0.1276988709043932,3982.875281302762,0.020274984380283773,998.3571360617618,-0.04983048109901658
0.2293012292683596,3982.9810192652094,-0.03751472459219978,998.4366723023386,0.09792123124370417
0.1623711821868828,3982.9355826768697,0.03488233263346846,998.3177474262277,0.016723142127461982
0.224310389349986,3982.943159125912,-0.025479333748516547,998.389272468002,-0.0404026685179943
0.13111024119203216,3982.866309064842,-0.025424328527239567,998.2815157238065,-0.042479894529718724
0.17329726530919226,3983.0046027417684,-0.0001446361299782123,998.2986582290471,0.06993306434384819
0.23297263740037266,3982.997144231204,-0.003942279096852103,998.4017079140026,-0.008764857069212373
0.16266567224072087,3982.928811383746,-0.07605358285679087,998.3739490216636,0.031617493045154266
0.21177686890034375,3983.0239459736367,0.04183371140024675,998.2535652659037,0.019813445048721734
0.12865943534094437,3982.9102342194547,0.018650606829943794,998.3290594623435,-0.06435312394521604
0.09573270824795238,3982.8428335068074,-0.028540143671246895,998.4054358499081,-0.09495479277310455
0.15362035428532533,3982.95802226529,0.027897624680742944,998.3637203783534,0.0837792126456659
0.18592243407635342,3982.9537748161297,0.03116745831737419,998.4457815965926,0.0365908961427793
0.14423753120985033,3983.0321469510477,0.04430900958494549,998.4137126804777,0.053597630036068405
0.09854545102429993,3982.90106683718,0.009345230394298215,998.2793433381837,0.08169921787949372
0.1140256843596379,3983.0325085911327,-0.017302118978130387,998.4340122866884,-0.09159504397777155
0.059299614749447865,3982.9899747913164,-0.06502054707635002,998.2687872969792,-0.08368480817572262
0.05945296406458013,3983.0239348303708,-0.09964492187997481,998.3346490120589,-0.08339980982912693
0.1272744014940431,3982.8584575626924,0.03994982241975967,998.358970416218,0.023516673611239408
0.23251980192616548,3982.983721398876,0.07007954821081411,998.4256959924816,-0.03944909447875853
0.18560558500870414,3982.873210742864,0.09983747484165237,998.2543137622769,0.03265560171029544
0.12820018860015042,3982.8739060268963,-0.056763204256105974,998.380364116562,0.09437154008545165
0.2070976485476957,3983.027314956388,-0.0890264238233583,998.4180117623766,-0.08226619402647449
0.20748429667470156,3982.959520545264,-0.07425071972209916,998.370408908818,-0.0010403258054250963
0.14939686540764927,3982.9495057848812,0.08169950222673034,998.3360278047079,-0.052520328506667394
0.07556860588252451,3982.98048155667,0.002521120212608974,998.2559479552785,-0.012615082628315608
0.22204377359030847,3982.836827903203,-0.09298489179290095,998.3838049959401,-0.07950809896091154
0.17618630852525866,3982.9131956934425,-0.04514973031393208,998.4235153027946,0.07832254840881522
0.18150171156670017,3982.8515141597536,-0.04022498538134052,998.3598344152474,-0.048443374735350986
0.1439917055450658,3982.997789753883,0.00795315919168009,998.4026623790555,0.030141743848670494
0.11668577410275595,3982.9621429638496,0.013648650844976642,998.3559541335171,0.00565259036501102
0.12197087097869934,3983.016831559848,0.009768302619375377,998.3785708182788,0.011573563992397395
0.16262767024857888,3982.877815301506,0.057090306768414395,998.3769219981649,0.0768173165830601
0.07091489831320953,3982.9518905721056,0.018340258054726527,998.414786709752,0.0683474590420817
0.09869666372482726,3982.8551947428377,-0.04607875853040649,998.4241776377401,-0.09368864194574134
0.08866785914294353,3982.8981177690607,0.0003301586025890868,998.2813421450765,-0.01761727995671669
0.06236202086680455,3982.837007689396,0.05502623700307194,998.4288474892928,0.08412190973891079
0.10398611068134475,3982.865886077408,0.02285501298270183,998.2663643968006,-0.02689856546028893
0.12112586131224992,3982.8467310999276,-0.07187433763167372,998.3758786267643,-0.061308098354130564
0.24346610095236546,3982.861795909256,0.058602478941207986,998.3823319482816,-0.009574143867986537
0.21695783314197065,3982.98440663671,0.09390170823000796,998.3896293312496,-0.04713783354405119
0.12052774547188497,3982.915953427729,-0.006781364168590126,998.4081247017643,-0.06188731799270362
0.11784569606779491,3982.982700531144,0.020712085182598594,998.2807015194188,-0.042210906014780086
0.05261697113299274,3982.8398095695948,-0.05372683704196546,998.282125824109,-0.05527543723837494
0.05842082868873233,3982.9469714346706,-0.09263499650575933,998.269879565774,0.0005925863987564367
0.21672271846621785,3982.953819995616,0.005568400598029738,998.3138681625705,-0.038064236910457794
0.09611132826314428,3982.903105283972,-0.07382781505711161,998.310340757089,-0.06193177085791057
0.12065597700155435,3982.925655952049,-0.0769816418113281,998.279766311268,-0.03399975668612508
0.17285851837327137,3982.9172599225653,0.03785423812212932,998.34204142067,-0.05249492584356739
0.2350357471772483,3983.0322260385115,0.05349127664059633,998.3806436156859,0.06645639788627547
0.19021403474158757,3982.93645584152,0.08315271176922032,998.3971700459164,0.009277568229714012
0.22547096296377403,3982.9009881308993,0.03760959488492471,998.3965520715061,0.04776480545226747
0.09555258130682925,3982.923662876021,0.0651011380744714,998.254301138866,0.08717911107160775
0.2254297771716148,3982.9551034711926,-0.08322792471705076,998.4117384106243,0.0555782237140062
0.241354420164368,3982.902876976571,-0.0895706884998928,998.3411363740073,0.0009837726862616247
0.07636675533928186,3983.025331412143,-0.07296382614288593,998.2931685391059,0.0928903964158618
0.0691299906031525,3982.8458670779596,-0.014444983544237733,998.2951766809567,0.058382685910012416
0.2395572678372321,3982.9633998701424,0.09018930912254108,998.2555783094397,0.04165835147780189
0.2209572384261274,3982.8540422603924,0.03412815537130304,998.2550200740612,-0.040486390781893866
0.1842372220966746,3983.0045660827022,0.02649757927481458,998.4013904250347,0.0546527483168332
0.24105343602029683,3982.863286648428,0.005764063514257067,998.3813800355616,0.092532952459871
0.237785037373351,3983.018927543053,-0.034973231258040624,998.3981187276423,-0.08338230370604882
0.1660929703681541,3982.84137553381,-0.04525392610276635,998.3704101086375,0.033910490388782605
0.15830415265561276,3982.8732922148015,0.04207239287207648,998.2930711031337,-0.029689041580749254
0.19446984381623564,3982.9538900973957,0.0995610000575958,998.327310032214,-0.010822109050283774
0.1043550817981313,3983.02691529355,-0.07162408850689571,998.3295296340622,0.018909832183505462
0.13879868138716464,3983.0154169396706,0.04140697097792406,998.2501830463401,0.03735244631939019
0.18658433734463337,3983.0026236799927,-0.05691235262500974,998.4453438149968,-0.004338434888969192
0.1385942813035891,3982.9870042891152,-0.09859471945301974,998.2654879594382,-0.08135542446302396
0.15567167805936694,3982.8755749813276,-0.040197529639855595,998.2988004011385,0.03540375274915045
0.22150239332536767,3982.9224340127403,-0.0849514276006001,998.2877031564035,0.0415720251039699
0.14592932453320254,3983.0010481312447,-0.005199717359102546,998.3269621183255,0.07170724140431653
0.09035984195825872,3983.015650961935,0.014107669821239455,998.2560386242948,0.05002117148635429
0.09423211438120388,3983.0212437416253,-0.05162691441252185,998.2575358927332,-0.008128490489806989
0.21912363676392796,3982.848020470813,-0.055890666203226406,998.260655998681,0.047747583581619124
0.1742079378488696,3983.017639743744,0.08717153816091983,998.3938759341399,0.05928580125145186
0.22402878882084193,3982.934413274777,-0.07082471117497924,998.4079922010162,0.025310966238272392
0.23744722935281967,3982.945361066251,0.018192734285434997,998.2867133911709,-0.0600394155295521
0.09427224530787862,3982.9550842212448,7.267086503155717e-05,998.3436112434416,0.04137177426951799
0.1558343442930569,3982.9940844802272,-0.056122207562748154,998.3327726202443,-0.09929198510355289
0.12287975407437976,3982.8721723128506,0.08369941541486767,998.4437559536635,0.016577228867574914
0.1896922924058238,3982.8961442120044,-0.05198656883928983,998.2967446507597,-0.022484805498372923
0.1252251668300517,3982.885193743565,0.05591564858717055,998.3955138574668,-0.0275123587375187
0.17005114277566508,3982.8781070429714,0.035871216545580786,998.3886161719969,0.0631519198649653
0.13331130913033928,3982.9716281633996,0.0649180083808216,998.2550038924941,-0.014323133418777195
0.08043619905999846,3983.023283968171,0.02526344476783865,998.4380297306659,-0.06589469869651474
0.1452483887403796,3983.000380623491,0.04962449590056767,998.2764295822321,0.058138805851422476
0.21180056395894306,3983.0342845410323,0.007841370264477107,998.370601072898,8.020754335953673e-05
0.22872027606194076,3983.024893968737,0.027756427705946135,998.4051136161113,-0.08194855907092523
0.052162359722858515,3982.9206361994566,0.07011231840662951,998.440432410516,0.08441129109585463
0.23245597947329358,3982.955526396891,0.010160266470562049,998.2568396760462,0.0183303487158947
0.10644282651377832,3982.9250833646183,-0.06714886425426997,998.354731595262,0.035681032849789907
0.23855011693970923,3982.9197059152234,-0.07790395858115991,998.3682762686697,0.06550378719453681
0.11476762777920732,3982.9116730452283,-0.046612141586912875,998.3938380573948,0.0072426778176388346
0.07924401151769286,3982.9597651387257,0.004332637592657146,998.3110106159824,0.022081089817430802
0.2129220719157915,3982.9491792297977,0.09312749078400936,998.2528864965825,-0.09021388013856875
0.14620714456093198,3982.9524877716776,-0.01371375383897551,998.3999091642127,-0.09320297285758544
0.07913697916622997,3982.9700842837674,-0.03912191450417495,998.3024925565558,0.05058069486063613
0.1259931512415252,3982.836483343327,0.04638703914665371,998.4098755785666,0.009011560718433634
0.09539296926750818,3982.8613835381557,0.03880182889126302,998.2664032501843,0.04217879646843714
0.16468042915453157,3983.0115741060436,0.09255282186115263,998.4318298143124,-0.09358625023477851
0.1705310899358506,3982.8449748175185,-0.013870992023243156,998.2834714884827,-0.08895315994478255
0.10707714097624617,3982.9028501767466,0.04208666601332753,998.3278128504832,-0.02237621798776976
0.15729575335393617,3982.8392427277445,0.017209682337483503,998.269666261967,-0.05639693261804688
0.08861143686314957,3982.927456137177,-0.09271708631016629,998.413570988073,-0.06649046131626007
0.20545386507878302,3982.8562793976935,-0.08581793741937412,998.4375743475391,-0.06621233859471516
0.11227466096883418,3982.9949450396853,1.1630992927377792e-05,998.4208466903269,-0.0943494212662957
0.13655059975419467,3982.908618550303,-0.08644129546867992,998.33754031492,0.03942407199094547
0.12863597024290904,3983.0190683180244,0.008949112846397059,998.2804375832744,-0.08671608887052587
0.175940864978518,3982.9411903895857,0.05349584137113628,998.4121462973054,-0.0011664725489485273
0.22334450836677588,3982.8641959538595,0.0031244519221758776,998.3321097722878,-0.08476680919187358
0.06620861363101854,3982.862386342498,-0.09095980679495737,998.3102655665581,0.05358007709895429
0.13492167446775227,3982.933169441818,0.04376010801190952,998.3938917902664,0.046461462536671466
0.05730432850841505,3983.0199900332173,-0.06714495590820876,998.3715933942838,0.04297397726969773
0.07493386235123928,3982.928447261881,0.08608099264955918,998.3059470506327,-0.020251601940328115
0.20249954808826257,3983.0081857980817,0.08793210900051293,998.4015049748524,-0.024828645009905267
0.2182673713057206,3982.9281491420084,0.01981929818547226,998.3038095355349,-0.04063184961499114
0.18277037568056967,3982.9858097694455,0.08045366064679876,998.3018561310446,-0.044819031087354015
0.12353579321810297,3982.9253776519963,0.004498843980376185,998.4337083219261,-0.011124213958532289
0.20697989333052144,3982.8703223693474,0.08652084768752605,998.2804422228298,0.0663049377701522
0.11927683634814164,3982.8504277267643,-0.05765600061182144,998.2770298764317,-0.04785173520254731
0.19804604186615407,3982.940256539752,-0.031831392716435536,998.4493190366547,0.03519065957374093
0.18066039744321072,3982.948735154829,0.06520123331213107,998.2571717215379,0.0037250227916994783
0.20042781484340763,3982.8569906933235,0.05130466716911597,998.3808702861552,-0.019619012753365334
0.1574257620171237,3982.9529221005737,0.07763559228157774,998.3231016510239,-0.06197462500599389
0.053314364494982724,3982.852414373479,0.029982979658422254,998.3890140359564,0.007108250212600684
0.11342564371143653,3983.021742492131,0.0009492896189679662,998.3279114182668,0.08200400666725802
0.14511434365991707,3982.9362501334867,-0.002329291615466217,998.3781222940647,-0.0520958919545534
0.0902965591239096,3982.975271521331,-0.038289870882423305,998.3601591231961,0.0949045785065985
0.12637311329227977,3982.8480176829503,-0.051608556773277386,998.2550093548126,-0.016434644978134363
0.07575278277434153,3982.9648143767413,0.010968614086542677,998.3538621197653,-0.03651869538056947
0.07862018178865457,3982.8547641354057,-0.01817807327435847,998.3129323020443,0.09680925576210883
0.09264862358331108,3983.011092161799,0.005819838119549378,998.3573108965106,-0.08047008830231304
0.18582307363724807,3982.8714714499406,-1.8750701819295057e-05,998.2929793690134,-0.018283285201260296
0.17066804900407867,3982.9749202583553,-0.017022094219394296,998.3505738311552,-0.07171077038035972
0.22365621082429593,3982.8382874391095,0.01700531946000916,998.2510809745141,-0.033122879985382464
0.0707386109105687,3982.919491579342,-0.02619460656969963,998.3975847414968,0.05842614984445654
0.09922428255146998,3982.9947380816684,0.00533446253393903,998.3712707761033,0.05967882300413449
0.12256271708031619,3982.8956785212386,0.0020658003280526194,998.364406983699,-0.008191360098035227
0.23301064052143092,3982.8442752850037,0.09510053765967516,998.3311759760538,-0.018834230943104463
0.15714461320576054,3982.9513553274173,0.03827240645621188,998.3099987479856,-0.04990280199014779
0.22303968434800264,3983.0068119820344,-0.04689185376115293,998.2787694892378,-0.07036270320065033
0.21406983277404573,3982.924991133303,0.06175683773173532,998.4193513777223,-0.03023641916214559
0.17339454263328521,3982.9071275407327,0.07040285817128872,998.293342386276,0.055447645601921974
0.053277416717392695,3982.945812169401,-0.0748234376656493,998.3306142821446,0.08086220334890765
0.10434663132183139,3983.0257238580557,0.0018423492512299466,998.4060219868863,0.010362846543496798
0.1762720970173659,3982.8544073671324,-0.0026504249654278472,998.2724661216159,-0.056040292226770275
0.04422745738087741,3982.8621555870604,0.09744981509276882,998.3695095288615,0.06723514034755737
0.04807250467010675,3982.989733926462,0.0794856542514325,998.4072773185787,0.09150325155198719
0.07858291412661106,3982.873648114555,-0.09386177337379256,998.2724141518039,0.07299286515292758
0.14719627402275545,3983.008236461956,-0.04395774202033949,998.3100150660083,-0.03184811709784999
0.21110816748974645,3982.93278627396,-0.040897236037601425,998.3515025470991,-0.0819821802551156
0.08501965469144906,3982.8858083558785,0.04363399409545993,998.331432505245,0.021000134064655063
0.14344036923403952,3982.927676290105,0.023292739500534163,998.3784607545601,-0.05802534858084729
0.11145422160447653,3982.9597374152586,0.08192979013589313,998.4059970598627,0.047836410619088304
0.22270227697349626,3982.9125132580075,0.07604464980356324,998.3645719358145,-0.08373763634142116
0.16825311293033884,3982.9873636444404,-0.03951002657234211,998.3665977224908,-0.037369837856255736
0.139426030787547,3982.876789472883,0.09453600525196465,998.2733554372423,-0.05992093386440176
0.14051335176138716,3982.850516756649,0.0655585331308671,998.4256821968839,-0.06717654551370056
0.15719146794755978,3982.926212819394,0.02780680495942761,998.348512450681,0.025546141470736555
0.21196075822656746,3983.026413119062,-0.09848487861826427,998.3612984423114,-0.08611279234910119
0.0762205753946183,3982.868759945155,0.09467432823369876,998.2719287446233,-0.08219890805814274
0.16445995096311322,3982.995889541282,-0.05548547738364436,998.4280442809863,-0.049232706566199096
0.04744594525568577,3982.8523213916274,0.036206230892846414,998.390203223212,-0.03215828094361409
0.17998818496506347,3982.9239883748196,-0.011641624028443306,998.3276828438982,-0.030192112709354943
0.051338798404637676,3982.857137554329,0.05201955588254989,998.3122529899713,-0.006872545799765331
0.19239190740603454,3983.0340628521794,0.012341128788854933,998.2717811964509,-0.0280569463386897
0.20665030596052836,3982.8810828894825,-0.08525237668310347,998.4311084660205,-0.03615297086422897
0.20494704980990916,3982.945713180441,-0.06987886524665005,998.4080823715826,-0.0671996681482919
0.20044907962341524,3982.9846570696695,0.07568835638319707,998.3998829575735,0.05528884156379332
0.23545282472728235,3982.8495943415533,-0.03846036620502136,998.2887261163153,0.02130051855921515
0.14677048142891447,3982.88043184931,-0.008441586763103776,998.2629539847821,-0.006481670379198917
0.21131633708255632,3982.948715093823,-0.037930902397159086,998.4276383500173,-0.06145698736999575
0.18153822267329478,3982.9290422477757,0.018597344961854584,998.3622810664307,0.08602738179256506
0.09597827976254762,3982.9983475109184,-0.09461711610549742,998.4253646998104,0.02795376786078907
0.17742313748743024,3982.8537949187876,0.023706863287254604,998.264364403933,-0.027971942605067995
0.10264863272965523,3982.863765307484,-0.0046881603206221645,998.3249954747349,0.043302371037607756
0.15767961178014236,3983.0262439493154,-0.0688420815053392,998.2575966319768,-0.05927353565262106
0.16576459056619314,3983.0322966994217,-0.036866542720881995,998.3828294981098,-0.058894258180131345
0.11670188225732973,3982.884648055516,-0.09682565821660878,998.3857212431695,-0.037311580930071656
0.055421089562797954,3982.9003127552323,-0.06594265455409098,998.2563016385686,-0.09799409325596663
0.04819844478996342,3982.964532360896,0.05469706638853125,998.255725416409,-0.0016010423339888752
0.055456407844528655,3982.9427874371163,-0.027074346247286357,998.3436051677612,-0.06961950777329229
0.08965500352278771,3982.883391317473,0.07602243425407537,998.2821327556185,0.032704321436118455
0.11689347732075507,3982.9257201173773,0.07239272204108319,998.2592188322132,-0.014249359154586
0.19198984772460886,3982.9007281984605,-0.0582114096391158,998.4251514594114,0.027919995064300124
0.09910224152933339,3982.8785197934876,-0.0407843128724551,998.3925480966743,-0.07566602212938678
0.21509084157672698,3982.9405222777036,-0.024754187122556726,998.421735325641,-0.07864986993576271
0.22708997717826637,3982.9065286931454,-0.09727715662265193,998.378335112605,-0.02247986684467651
0.06148814419809247,3982.865291541393,-0.0260300275337694,998.3558120460885,0.009514910445310651
0.13324416842701978,3982.931457814648,0.0677106845943706,998.4494017881789,-0.02974129888497941
0.19146703222810407,3982.977807365585,0.049820974102446736,998.4446849842094,0.07892315307203457
0.23525283464732843,3982.966141515862,0.04441125985209876,998.3347963862446,-0.03651886089783184
0.12542936305947788,3983.0097897427886,0.04766325701195606,998.367992686568,-0.0720252651904223
0.050826119795640154,3982.896492295257,-0.02179963261513121,998.3142055436648,0.08363568002013241
0.2288847607966412,3982.9970985410337,0.09404562587088547,998.2562551469382,-0.03301810883078851
0.21347611023616686,3982.917773794327,0.021474824060826153,998.2827502255478,0.008810975284448935
0.06779362918131339,3982.9748506934984,0.06583774739138071,998.4450081858199,0.01232457751512131
0.16385702909108102,3982.9494191777967,0.06937753839094982,998.2499178752702,0.004406171018987479
0.2436432237263152,3982.938531404479,0.08364913892987014,998.2877776024638,-0.03310606951687452
0.08563373491137143,3982.862725966951,-0.06997582311936319,998.2782921085922,0.09029516849584143
0.1997728642768143,3982.966930570156,0.0094458974181858,998.2609958198293,-0.07292326164344515
0.13397885268088577,3982.8686012898966,0.004790488004497218,998.4293483521735,0.09189336982460672
0.1438409075472167,3982.8652056411406,0.00979924876041019,998.3301102937291,0.0002239110983624365
0.14478849600739915,3983.0013242523337,0.02138201203472312,998.3985107186227,0.014516743779146288
0.1576698496654723,3983.0063277400527,-0.06321250260068076,998.3623860741114,-0.04662313290844533
0.18658206598618007,3982.8763936478576,0.01694922199789002,998.3825508726566,0.04761361880072826
0.15336038988089645,3982.8475791428446,0.01991502165780043,998.335495126587,0.05725694523902852
0.10296494749615012,3982.8650535749166,-0.035030940271677066,998.4303515434901,0.08077519299105523
0.12976417952222494,3982.8614572816664,-0.03221314882920252,998.4382154118761,0.015402858107320158
0.10342476537612735,3982.993247109342,-0.03702389895770193,998.3569462306565,-0.08263150484528835
0.2356653093014197,3983.013034854255,0.02219702353397439,998.2830226762794,0.04653936860337979
0.21239243398928895,3982.835924689972,-0.010226989809270864,998.4192063011347,-0.03313789198771744
0.13601015488716817,3982.8594069763317,0.06524622195740865,998.2801532188008,0.05991842850039544
0.0794549333305144,3982.973054042205,0.09887124303258835,998.350839595824,-0.03187453432574905
0.1966235412621176,3982.9687356996624,0.07151890005843531,998.296485904674,-0.09272989202689928
0.12301451646849138,3983.029756677252,0.010516602925488838,998.3879957440239,0.08636626033864814
0.055654502782501614,3982.8993477454414,0.07744647150691183,998.2559671203577,0.04209544362717341
0.2142491297790696,3982.8898735234816,-0.05557196848940132,998.3550180624535,0.0006250700152295174
0.19556548025968468,3982.981351576837,0.08376453034468473,998.2555562171848,-0.022211940792496512
0.05918078871625118,3982.868473146341,-0.061479857530633814,998.3111640909101,-0.07188622763587998
0.08970634624512977,3983.0273191285014,-0.05944010479516191,998.2786229850079,0.08596436130546856
0.07351452773742674,3982.9226157190333,-0.05168047097431248,998.2969151610988,-0.07671783549681091
0.07527604647142389,3982.977356320776,-0.059211409488346495,998.3247129813834,-0.0004504968076317617
0.10396712789897206,3982.8902397503566,-0.06321148167786309,998.366234699605,0.046603670227655714
0.04472972854708546,3982.8761493295924,0.006659419935913041,998.3111136427624,0.055610159277399984
0.18673528072848306,3982.9486575596175,0.0061778376731588674,998.3268801652516,0.018173040534018914
0.08884383608113633,3982.937393795127,-0.06702988714561775,998.4211785691781,0.018927537065244818
0.14246880367413872,3982.866602225858,0.07368936481864907,998.3581044291672,-0.0700982814694378
0.1968426806305966,3982.9957145861404,0.08774739988748703,998.4352995107043,-0.039377932293869745
0.17276956596828688,3982.9067589859055,-0.020880211531746046,998.395827606423,-0.0982756638698507
0.04610000648976606,3982.913269959468,-0.05584964413828997,998.3494108124423,-0.04674999534588007
0.10955197862916737,3982.9185034398374,0.028736618807335496,998.3533055668133,-0.09530071155799072
0.12182607576041196,3982.922594005686,0.0012884387405649178,998.298825453111,0.027001471401346594
0.21731897013191515,3983.0025046587057,0.09911391428452399,998.3646787975496,-0.0870727247285805
0.11792360917361515,3982.9695788118356,0.04076908412485736,998.3521818895439,0.03853444875231399
0.22326368286569268,3982.940036665619,-0.031872806483525515,998.2660772211437,0.052513557630821606
0.22758646895979315,3982.9621170514606,0.052362171891298964,998.3869176722638,0.06629338542577587
0.19056069951013693,3983.0158854959836,-0.07189170618029994,998.3227965651532,0.06139850148723813
0.13910994639429758,3983.0088753668056,-0.005107421960818342,998.3387747326269,-0.044073581344692817
0.21289391916884742,3982.940820481601,-0.0727008973919131,998.431113194515,0.04729007057831758
0.10580768948060285,3982.877138919971,0.03152757395793762,998.2814685497347,-0.08132040576231943
0.09270898879466342,3983.0130535058624,-0.04983792756522052,998.2651995109527,-0.09267118720419038
0.15413042067537402,3982.9723401303913,0.0006353290842523729,998.2533490845028,0.016784807338290103
0.1922048774855464,3982.931479893223,-0.0808772611623678,998.2735867911497,-0.09144361928312793
0.21371976479975383,3983.005794032341,-0.08996002316575201,998.2951971659886,-0.07505774510036978
0.060917477658141816,3982.906578978198,-0.05962517849421514,998.2589826739706,0.03827378247808319
0.06849013557116762,3982.966338764524,0.008185162573300889,998.3966564623562,-0.03587372985192168
0.060699729707955175,3982.8425827462643,-0.00369992140490831,998.3282846982165,-0.016681089108062236
0.20696443553796517,3982.849414982888,0.09963553215064938,998.3614276723465,-0.020165708376581604
0.2140392318815148,3982.9356427229845,0.08357660887899324,998.4427742357823,0.0010704076409871338
0.08940321853505084,3982.8814745906748,0.09581288912514191,998.4005408727468,-0.08590502073318834
0.18600911488958113,3982.871879039647,0.035052925098606746,998.2528836149584,-0.03859997250895495
0.14760236059471046,3982.9608256924703,-0.08335410378248803,998.2814257076568,0.06732379364007124
0.09236809853880132,3982.844875105451,-0.031481009905156274,998.3580750015631,0.03936043918164209
0.11526483434006697,3982.8407614350567,-0.009323178572383184,998.3392120103842,0.024395258233664535
0.1491363036131599,3982.93964702285,0.07677320562086751,998.2594612060234,0.07778669209453956
0.1786724033800881,3982.843081692276,0.005804439019711394,998.4296437443447,0.07914255951882229
0.20944733151993503,3982.9437585491064,-0.027741622071437974,998.2933551955998,0.014130365278759799
0.16291796936848965,3983.0056871093643,0.016122182960112072,998.3411777475841,0.013514125058716325
0.1973050931581705,3983.0024077823277,-0.08534958676658483,998.4481962588588,0.006372318114757941
0.19448735041550605,3982.9197037069666,-0.09892108379700637,998.4422684596259,0.09965031429680007
0.15269776862716417,3982.865596512924,-0.07618652051030284,998.2715154616809,-0.08368984320353863
0.11301092342076542,3982.910825101514,0.007663410234125423,998.3408570815704,-0.06397072863254874
0.18845546519284198,3982.901750765913,-0.0755306230141625,998.3568960897862,0.00024333909866283698
0.07130636357180886,3983.0067081026064,-0.05878871775594461,998.3574947721314,-0.0075411302329384255
0.20933592852458247,3982.904376751626,0.04699675771506587,998.4412330397404,0.08702004989962353
0.0654338152657692,3982.9212077940947,0.05089179725523135,998.3329720539584,-0.08626961984950027
0.22153654536341702,3982.9474841331175,-0.09519634153365614,998.3301231418637,-0.01058346636246879
0.12070242949845877,3982.885039793088,0.052943733080547645,998.2696143661722,0.04702519309306341
0.07112643329458716,3982.925891660627,0.06795348080933225,998.4147530917946,0.03771166495950479
0.2023179893774518,3982.9279689058676,0.05354412787531457,998.3900035782813,0.02711120054860111
0.16689123680268367,3982.888445338349,-0.007311186182720461,998.3152355189862,-0.08352508959836787
0.06458688393332052,3982.931109353658,-0.07574801935648215,998.2988856510403,-0.03998985441223826
0.1665154466932013,3983.0277689713566,0.08197729342966115,998.2527992838939,-0.08872061221743717
0.06645726460474216,3982.927594446807,-0.06028408126857665,998.330725241265,-0.07776706808498167
0.20218071987878006,3982.9645454733773,0.038602671500286845,998.3051951379737,-0.07022697162434036
0.138699375821317,3982.8414577016206,0.06492058654203131,998.3669720949914,0.03538063739236158
0.11223411572077917,3982.9155146185944,0.09462488915999454,998.4172252792681,0.09851211560833847
0.08266014985935538,3982.9711170256733,-0.03363372677546357,998.2881921544331,-0.0746551007214799
0.2343170535960254,3982.835350232015,-0.031469454844439665,998.4392684977048,-0.07835224420888368
0.07429681492002976,3982.8450866174167,-0.028461149912838768,998.3282641363074,0.09502019297654554
0.23159058589317025,3982.932983545046,0.03134175407227183,998.3528118122852,-3.8029278966594804e-05
0.11254664841213122,3982.9316889099573,0.025014991186892266,998.3714476997917,-0.03933781236799834
0.0608554652257675,3982.848007925927,-0.06720761236409187,998.3265915663142,0.05534659454796392
0.06617586585024854,3982.9553122117304,0.07990478862238445,998.362496836505,-0.06273281436766778
0.06701470461517449,3982.886401417322,-0.0862976671722511,998.4059553746292,-0.009890812367128785
0.2378227637605461,3982.9680794604387,-0.017523835174217656,998.3710333143935,-0.04959816821639025
0.19164720443544273,3982.938050518079,-0.009498737126520135,998.3490395075981,0.008077069568066753
0.13298038557935826,3983.0044254013856,0.0827315295279811,998.3481773395781,-0.02543670165492476
0.05749368832329739,3983.0265806629563,-0.04193359236555954,998.4354459722886,0.031132094473745292
0.055828552281535604,3982.899199840377,-0.09771471870272148,998.2990606001817,-0.08255775299598384
0.07087643132462504,3982.9243385825134,-0.06519008268984124,998.269998589315,-0.0995546976675068
0.13753894638449804,3982.841498471694,0.09379841622472973,998.2906757131524,0.04049912623628657
0.15911907445649515,3982.950237639102,-0.043745731524082725,998.2960801915671,0.0348878589969826
0.13304095746401495,3982.8770476222926,0.015465639679104609,998.3683685718407,0.029117556537060135
0.10025157190179312,3982.9199718585096,-0.057408532649928935,998.28225069562,-0.011552480308484298
0.18288757024115546,3982.975176326164,-0.03265728752593147,998.3358866565964,0.005178877018350153
0.10136197451634918,3982.915009760115,-0.04982560148002688,998.396152235184,-0.05236653216954948
0.09742067461619475,3983.0223101007077,-0.08147055879192322,998.4224546348953,0.07898914722096312
0.223504918634777,3982.9753268420727,0.022089453254883235,998.2841887919966,-0.04658906461532169
0.045195527826928816,3982.940816266345,0.03290802672602866,998.3431766429708,0.09496451404777637
0.10208291060584176,3982.9911745090003,-0.03491973145728844,998.3735500427412,-0.08402232492840195
0.16387642661677967,3983.001012715823,-0.003419829193453211,998.292786458585,0.06728303473003527
0.16256813006925455,3982.919400915025,-0.0606857549534523,998.2716580704295,0.07886869479929925
0.0889561518906025,3982.961712605149,0.05213760468105799,998.2612737735463,-0.05974546172957443
0.06888864856510402,3982.951411366434,0.044932558973901054,998.2955830259331,0.033958981162279495
0.15408324807215562,3982.8824175868685,-0.03832420332547477,998.4305386330699,-0.0648847659861358
0.05267826820138877,3982.8397412019867,-0.0969422065506776,998.3442842092702,0.03338561660584116
0.10530049310933431,3982.9673648861094,0.08087837889587526,998.4236266923075,-0.029666285448737756
0.23817037973658137,3982.9929911720496,0.0746700497969322,998.2877483211639,0.03551358049379125
0.2110118132337758,3982.9108065558153,0.005852696911519267,998.2567278137574,0.0811554292799462
0.23129454939556435,3982.935710310264,-0.08676862744673514,998.3932060971557,0.05558751928183875
0.21217447920728438,3982.9270558184676,0.0689993464850934,998.3810847660787,0.009928702930746186
0.20632693896469942,3982.8638454684674,0.049951362950828526,998.3113961380066,-0.02357363136185467
0.20040401197512672,3982.8691766009447,-0.057412004030003974,998.3539330714368,-0.036899878196586244
0.13427935336237623,3982.878123862879,0.08347844260700976,998.2576869762752,-0.05143545055562762
0.14469008569672948,3982.929900002519,0.05520355611156241,998.2892916255408,0.061180300704251595
0.10813942831528968,3982.918757079261,-0.011412201674418629,998.4294234387124,-0.03627027850427943
0.18981625149227507,3983.0175098157983,-0.05861883748504282,998.3342856856743,-0.006153615195599024
0.09337633901177353,3982.9912961337227,-0.0877078740060831,998.4004436598079,0.04229681761389831
0.1435763240141471,3983.0282191325305,-0.026142860263087347,998.3040323311986,-0.014650247472861408
0.0613512804779045,3982.985945497427,0.08879565374454601,998.3686310759272,-0.056863975796951884
0.1678428013616708,3982.971533661984,0.06968146487260055,998.4070602772442,-0.07972236281618524
0.11247838085425063,3982.9619713689694,0.09958281122063761,998.402794609359,0.008877841365724712
0.2140658865802628,3982.857038693787,0.024312476684870313,998.3021627191424,-0.033823470001364306
0.09634762010003184,3982.9434288497932,-0.06089653037947118,998.3862012729556,0.03591444476928171
0.23963546216889453,3982.864229603784,-0.022468397011791624,998.2601386034247,0.06488954655227261
0.12706328854302024,3982.8483336680365,-0.021048944665327335,998.2716788497175,0.0340819113626189
0.07789203750959255,3982.9328878915076,0.08543089977210452,998.3106460959453,0.028835560664848214
0.15965591863932152,3982.9721180048386,0.012157855295896747,998.2886112542849,-0.05252469752194791
0.10874825510662615,3982.945053322882,-0.06373331301778835,998.2963626177997,-0.09084775754301105
0.10768800055295376,3983.0289276300196,0.05581567533240647,998.2852104346883,0.026450459836097034
0.04877407492886954,3983.02298498217,-0.06318092402300787,998.3721611775355,0.021443005214968516
0.09403272530796106,3982.872212986751,0.08629235765380028,998.4380126462747,-0.0028051849542056473
0.06082947931378985,3982.8409625530066,0.011087624428291226,998.2906676914633,-0.028472021671681197
0.1519813944254949,3982.9522373093782,-0.030653798992203926,998.4155035800313,-0.076145804752622
0.1117729537389259,3983.004278148359,0.034281347754313046,998.4177113581593,0.08811562147723381
0.1304066976357496,3983.0335090514723,-0.0915722575712819,998.2690857659841,-0.05701195156229349
0.21894388937951748,3982.9130297537295,0.024757053007557178,998.337581264838,0.03531551167058039
0.0560924176852579,3982.9330679963,0.04712379739807793,998.2621673471124,-0.06696685357858695
0.10728462752438854,3982.907057477192,0.022163570078737524,998.2826272588164,0.005845896651176324
0.1241910866090378,3982.9082396586746,0.03051511855326078,998.312633785715,-0.02189252213474424
0.15432873300548045,3982.838106795026,0.002037143228625249,998.331001703291,0.06179821071053179
0.18387559138566634,3982.8471118259004,-0.020547943454639866,998.3877291223906,-0.05768032673387413
0.11743756056973294,3982.9400035754693,-0.06653466556444468,998.4044971106982,-0.029071688846387375
0.0753572073665492,3983.0091199966437,-0.04182832782105959,998.2687603862115,-0.0019437680812888908
0.09819080769838062,3982.997312100899,0.012547477347511563,998.3234202076131,-0.0033502223238250223
0.059244995823386465,3982.962274844013,0.02291213917263417,998.336148760072,0.005509428757173376
0.062471783452547794,3982.983571412485,-0.001066625265160992,998.378308589951,0.09216678189683211
0.09558786655118323,3982.9657732792743,0.08699310293899315,998.4242351757086,0.05426567432838689
0.07575568318963943,3982.9276790138506,-0.08649064133427103,998.2567422207044,-0.022963589948280988
0.15844981029618938,3982.9493461377606,-0.07545885846528536,998.4199914985815,0.024240128258041976
0.17488355075460904,3982.8708279761945,-0.05812388041775503,998.4166927771993,-0.07347426895246348
0.20776248861384303,3982.8981526962134,-0.015280924783505595,998.2618846075655,-0.018129285895482974
0.17643499313800384,3982.879110232082,-0.07485907135353045,998.3748615613096,-0.09305803454547389
0.24417763224141084,3982.871628828508,0.03956276465193043,998.3616087894263,0.04086444439015041
0.0971785117524234,3982.8527706510504,0.013585204245973759,998.2603339220884,0.07362385312794945
0.15333503424800765,3982.8867085107518,0.05683846892176578,998.388662398931,0.04766379382687341
0.23237132929042134,3982.872264514014,-0.005455248419038661,998.2667751889539,-0.02284312740223271
0.07040559010858469,3982.9615584717076,0.0683931154821443,998.4176251645546,-0.09189692038659143
0.18836597179128156,3982.9885951924743,-0.013210295097935212,998.4232026785999,-0.030022723685924
0.18211681720453038,3982.9056642624996,-0.06430931147685431,998.3913962807449,-0.06679890724714665
0.07775042457066161,3982.867158238525,-0.09006491115608445,998.3383432769859,0.04607153101183928
0.22486524218353116,3982.9030098940016,-0.08521069856619301,998.3543899688661,0.07773793937445836
0.24005823129655943,3982.922077584103,0.058610128190301175,998.3881235171542,0.027325416629980448
0.17592717713420522,3982.8456904946124,-0.019026337867648152,998.4416049025667,0.05275890461886035
0.07825519560015796,3983.0253506756285,0.02483548984737989,998.383863268106,-0.03764846518135678
0.1786267687770325,3982.9586430675417,-0.06269583993564795,998.4368298051675,0.08299504821346892
0.2096108216279234,3982.997028765649,0.09793583821147134,998.3820901167867,-0.05461792026157131
0.17282696947108936,3982.996819937781,0.027964635636470447,998.3716199488599,-0.043278331426123764
0.06286841558618018,3982.9230487148297,0.022328808904769668,998.4476473211034,-0.06492712818797156
0.06755017006855006,3982.8805626596272,-0.03600141418391456,998.2782703168973,-0.003959454034380222
0.17310103266326587,3982.937683911236,-0.05269607525244977,998.3396040693151,0.0964557848396935
0.14873223197354385,3982.980414344889,0.016343604072203394,998.2875966458369,-0.013282381027074089
0.08098236312763829,3982.9111953096854,-0.06511371625738985,998.4053366290856,0.09421726295127161
0.13852493863230037,3983.0164613526094,0.06622968003372962,998.286475005837,-0.0919015395780777
0.12745175735661454,3983.029306076354,0.08300368881817372,998.356527499915,-0.047239027257136496
0.19983770212282445,3982.8405010336087,-0.07988072568002012,998.2716820112041,0.016472928790394817
0.21369267378743279,3982.873995250441,0.04587208988587796,998.3269881001802,-0.07316345963384403
0.16173911741571537,3982.8912046724436,0.0837884506096834,998.314421599701,-0.07369937254886445
0.12723664783140326,3982.8999949920762,0.07792821852639925,998.3922043011476,-0.0778837231530897
0.1547785016501403,3982.9061482400793,0.07509859865059762,998.3451790046907,-0.054745627590957295
0.241786141225987,3982.922547290691,-0.09978997676828792,998.3422263434085,-0.09460434766068891
0.16063157480007767,3982.847817241178,0.08463899293518343,998.3983750112028,-0.01709216502893718
0.10492698677817788,3982.951852318692,0.07516879822732689,998.4204505073011,-0.06362295593997816
0.22615968611292445,3982.950804879076,-0.09352442901816774,998.294146356513,0.07268250535207252
0.22971672681682315,3982.9079057384533,0.039220122467505086,998.2537375831441,0.05818874525331416
0.0509442724606769,3982.9538366364814,-0.06409252232503104,998.2930606769266,0.04076781135071153
0.1127183878659866,3983.0269743259682,-0.05295588587711471,998.3550866087229,-0.08155131907894093
0.08161678883521932,3982.9723416386173,0.06365348821934722,998.2694685409233,-0.008124379705931134
0.08015861269628338,3982.892963347463,0.07071348187845666,998.2535324071464,-0.07228187319330981
0.08782855791424782,3982.9808923254354,0.06276269461804765,998.4027755946457,-0.012543679759718707
0.2431865648249796,3982.9289408925447,-0.02976167953368758,998.4029669374653,-0.0011669577189586527
0.12419534830500319,3982.922903948666,-0.06401391457987007,998.3207849017958,-0.06207504282572962
0.12617769622142194,3983.025658484653,0.08356410617345111,998.322103833822,-0.03716724392115055
0.16502948918037838,3982.8463291049065,0.08943189467501164,998.3658287830248,0.09371098272640618
0.21133622908317706,3982.9215073282926,-0.018371226542847216,998.4040869996919,0.04979974199133419
0.21086261563675787,3982.9763038840306,-0.00889222942014889,998.4449459156942,0.02175458255509763
0.09137445947498572,3983.0186351616985,0.042909746818148076,998.3234018019352,0.08749553400875412
0.10689736130087002,3982.9579574336117,-0.05318921085298847,998.2787998074646,-0.05586553583614167
0.19320559236591725,3982.890910537787,0.032667252985389555,998.3339590225634,0.07935953495216971
0.051847952383933804,3982.950057939182,0.047529495486508394,998.2610272041195,-0.07169402844790591
0.1250987565043346,3982.949091272783,0.07835361974220437,998.3903900188586,0.043087556774482116
0.09300083703273482,3982.9976886499953,-0.039390059364871034,998.3032685987142,-0.09482532204502876
0.04662064977084954,3982.868555861803,-0.010482532861314356,998.4178097823898,-0.060672067902615305
0.054747884483599074,3982.8965462463157,-0.02839625171979064,998.3200556597809,0.03947683196867416
0.0826356464510292,3982.89065660008,0.06617990349427391,998.3999498844963,-0.003121355750592608
0.20420560117859238,3982.8854563272816,-0.03782248785784095,998.3493715301523,-0.02731678465299965
0.22292201354655947,3982.9218520011505,0.035878680182970274,998.249877955541,0.04130196395187785
0.16996913046067771,3983.02744004151,0.036122550637012196,998.2736252457236,0.06171977575424281
0.14632069764120306,3982.884720327889,-0.0751395229729097,998.4421451357905,0.01048443954420071
0.21820555519997534,3983.032328138967,0.04419859780776764,998.2616916456119,-0.05046890791817826
0.04957728496852436,3982.938214090727,0.012639611600439998,998.2679862800502,-0.009233328046449982
0.06265435607189951,3982.9679798297484,-0.04581649090961433,998.4208371561199,0.08905887356891859
0.17105941655207793,3983.033113477437,-0.0334881800247991,998.401070912988,-0.013342504359780419
0.16166650418377532,3982.895194321537,-0.07478536575154902,998.3241766566983,0.0639392978384277
0.1061905891125136,3983.0327722561296,0.011717947776883245,998.3153436012374,-0.08281746324926297
0.2220247108447891,3982.934659118942,0.040346164816626756,998.3537228918042,0.05232385566033615
0.04556086933212117,3982.8770699397437,0.03279178011702977,998.271595333256,0.09218145443799983
0.22627513293044887,3982.8866231109932,-0.07976309715473956,998.415388716511,0.07279941836155956
0.18533310123145802,3982.864800321923,-0.03017571581090224,998.3133221288166,0.055370988288978906
0.15191547575692138,3982.846271233714,-0.0562332036298403,998.2816304630996,-0.09603018312365992
0.059159091125768615,3982.848285852569,0.02682668993152154,998.3227543897829,-0.02124661120587086
0.13012586394889902,3982.9294818863978,0.017969392571100085,998.4328615972195,0.011724647940527452
0.05031466065154448,3982.9139597144977,0.08082340808764296,998.2737190160287,0.00477381447814329
0.12255570087184894,3982.999214411777,-0.031014617284927423,998.4281619482989,0.06214886639935255
0.050257802831620596,3982.9749450952972,-0.07299758661612661,998.3175010139026,-0.08262899711767516
0.10281367357819673,3982.9388927083746,0.05578871170461966,998.396311903353,-0.037045380586269536
0.16184380296031942,3982.978603824053,0.04003366992684018,998.43769487109,0.049944171483922856
0.12101365258877968,3982.9899885878767,-0.08845089171434697,998.318710410595,-0.06184754765062666
0.15363279847587336,3982.918441043931,0.05940078078571004,998.2601301834238,-0.007272907298545683
0.2124736457803313,3982.870886320498,0.0823699147043134,998.2544072455661,0.0278717667858549
0.07601770629665613,3982.885205404829,-0.081118892032258,998.3088250395974,-0.01502731441575296
0.2194320489303595,3982.9752240589282,0.051972332830790474,998.3241802017028,-0.05868064468167831
0.11411756011498198,3982.898441781085,0.05393869393837844,998.41578566513,-0.07202809215888034
0.1851772493311022,3982.8386545194494,-0.02426209539846355,998.2549055697364,-0.08040238575266556
0.12444796591771035,3982.968489173897,-0.040945943422067414,998.3877304333452,-0.0940465401027209
0.20823529269368554,3982.920945548824,0.0022319076647882435,998.3288620502237,-0.06921364854220156
0.06991571472435651,3982.9396226609565,0.008717458105532372,998.2869678496669,0.09867683134118407
0.11634682630081468,3982.844907366533,-0.061881133066216745,998.3878474546593,0.06574594614496015
0.09377208189187769,3982.889763429126,-0.06605023132351613,998.3207164036586,-0.0022353829671957204
0.23131037128115567,3982.9468784380488,0.05044981973023169,998.3992587260428,-0.06209670136294934
0.06006349361839748,3983.0228934548572,0.09519687441258093,998.4002622121363,-0.06765484932259931
0.05425521457021537,3982.956550629608,0.049765826458183726,998.3028721307545,-0.03128990531005563
0.13452719416329822,3982.913346483667,0.05564005517722265,998.3352810735797,-0.028975890829773462
0.11476547523934064,3982.853790609258,-0.03451329277909013,998.4006029968731,0.05694922410736422
0.09880820261999261,3982.9228793199864,0.08021411709346252,998.3124635108256,-0.008128142687989698
0.11483921731983,3983.001795164488,-0.09007180875162402,998.396020742922,0.006075310434810938
0.08554179417660435,3982.958747364875,-0.09364240002203868,998.4326576388355,-0.09270475018644826
0.14689737932800495,3982.9239128567447,0.09746770259699367,998.3392380241613,-0.09645532599513536
0.1777711545181974,3982.945803410072,-0.025144638200301064,998.4372258730441,-0.09204715891964409
0.0601577348266934,3982.863709262037,-0.07370181205364118,998.3020122148117,0.02995249639713432
0.19364355268962583,3982.929464309495,0.012418928999779255,998.2598586097109,-0.007644841801335997
0.1338720784020015,3982.868274274866,-0.09527539113543976,998.3530996969901,0.08304752898304515
0.15338803208369184,3983.031829318176,-0.08416272547677393,998.3747863782983,0.04182244251356301
0.21627976217805053,3982.835852853548,0.0765022863920864,998.3603077989454,0.08480482530682701
0.16540155486835578,3983.003574152224,-0.027226458534816353,998.3793705624585,0.005977941640787909
0.18402679567545682,3982.8994371497347,-0.09343517973619793,998.3743067637431,-0.03464912627324135
0.16700113272850967,3982.847591155378,-0.01180474467286248,998.2549815200472,0.01893136366099671
0.22979422281283562,3982.8552718139513,-0.01922156485382072,998.2602314473531,0.09420424341558861
0.1036330409533304,3982.855808539605,0.09033757081806462,998.3238556042018,0.033059801722648496
0.0832856001274277,3982.8381771115965,-0.09007141111661786,998.2899842931471,0.06697103559617365
0.23872515477863207,3982.8554257709316,0.06036694889231961,998.2598347191121,-0.03682532688365954
0.17519575526043588,3983.031908411144,-0.018575047703336067,998.3934169986443,0.037984910775596514
0.12406402177390974,3982.95773778471,0.04517087451870064,998.3115411516592,-0.0859428968542497
0.1932308740493816,3982.9817066292703,0.06715833364927332,998.325880767869,-0.01257238543763102
0.20090796022208504,3982.882476611564,-0.0799540776383875,998.3483873403376,-0.09582294014631206
0.0714077330590716,3983.0034346386387,-0.011279947264578857,998.3982965961826,0.07379279075902578
0.18093747949141373,3983.0061899660386,-0.07118421848601719,998.2861323490961,-0.028367584469395177
0.21471813294011238,3982.857465580075,0.025897171120137924,998.2836499636071,0.03157119629256963
0.17492934199977514,3982.8809458365463,-0.09732483592207353,998.3165658373576,-0.06186997855234773
0.15856521113467345,3983.033529419055,-0.050783040095146004,998.4344460992016,0.018807706153449483
0.13101381742893045,3982.873062762299,0.08776099603097798,998.3143817485052,-0.05870964715434033
0.08900928309738906,3983.006486364778,0.0662541169026952,998.367860736439,0.030817151792395553
0.2411771047649797,3982.961816193059,-0.06555232843495143,998.3921890131115,-0.04561061401966047
0.0842552435222288,3983.0044116538834,0.019286785580341886,998.3363681678676,-0.00771785434861702
0.21982212187839248,3982.836959848494,0.0045070261296437375,998.3226280252177,0.0992163045325363
0.08120415191756336,3982.9398521323774,-0.005887319941143956,998.3248155975864,0.05370017776914385
0.08929465081663285,3983.0323318009864,0.0858231279952946,998.3366707395131,0.03107480911688576
0.22118940712557209,3982.99136631147,-0.040033790472777976,998.3116530114128,-0.031049475408357452
0.07706173208374864,3982.891376710716,-0.08335012954453183,998.3193057514437,0.033696873752992185
0.24244480130435248,3982.9665339325365,0.07109782592280961,998.3765757820547,-0.01058601734582014
0.2274009253156275,3982.8886687343706,0.02870711114625904,998.3431659512345,-0.08661774003699702
0.18657573453564963,3982.8368591335566,0.0851458756247431,998.3511094820793,-0.02990463709183984
0.1989602826243046,3982.8589487208033,0.014715078063048836,998.4193747703265,0.09031593246674205
0.10757557593151386,3982.9788450697242,0.09255049707063673,998.4246225588423,-0.04282495389706312
0.226781629438897,3983.0123364689416,-0.006159461721437665,998.2688650143486,-0.019812626765960115
0.06047007722364188,3983.005220858889,-0.09250616123948621,998.3028318008464,0.0523918858119202
0.24252853901605637,3982.976578712207,0.005616216087018941,998.2878726076426,-0.06302148999214788
0.16106107329125766,3982.875367636799,0.06512372287503454,998.3162425324085,-0.027669769782979067
0.06797622548678096,3983.0109121766964,-0.07516396445530692,998.4224486140412,-0.007246765294548638
0.18227413751845017,3982.9605446004416,-0.030424080950101448,998.3718541518142,-0.09209885272982757
0.2113345988686037,3982.9968996835355,0.09256304494540846,998.4404473069941,0.04704124055556616
0.2062414430217519,3982.98378956811,-0.0421233803003801,998.3093953495111,0.019729404469313344
0.19018014488817622,3982.864839700657,0.054954026474808015,998.3905954723193,-0.0026119511853391064
0.15937655261371558,3982.9687442474897,0.0643052772661411,998.4432676947783,0.08276980675348886
0.05133970433321644,3982.956749942502,0.03165637562940299,998.4241740257929,-0.010754219122047687
0.07472117709329341,3983.002280878703,-0.05535058051523394,998.2800719176307,0.0932802629127297
0.1519827394037136,3982.844578561122,-0.07699757009272581,998.3384121551742,0.023636422079464148
0.23572506128419668,3982.9811694966033,-0.09908028679914041,998.2636684343621,-0.09620132425100264
0.22054124531317643,3982.897959947756,-0.02338334413572421,998.4045200935101,-0.03334424825860996
0.07803195488703746,3982.9372014424835,-0.06599120176168871,998.362053217262,0.0256867352967097
0.13302927734039852,3982.930080466586,0.029793521500995124,998.4005239518854,0.07947988155358379
0.21258706411437753,3982.8402724097486,-0.017275263057999576,998.2893443826183,0.01112633803216416
0.1796924142437742,3982.9042559730087,0.03176128122379446,998.3608929879446,0.005441885551974751
0.050794671197791325,3982.8767000939974,-0.0865200101507728,998.2547063654858,-0.09515797535732991
0.10725152399359662,3982.903779429452,-0.08492349633578507,998.2512591335903,-0.09815224929333247
0.23052163468005057,3982.838497472586,-0.017440647778634993,998.4210085579718,0.0904272243210035
0.11015116246257281,3982.860524291318,-0.025055252782214432,998.4317619034726,0.01760469308691341
0.07675998915772103,3982.994746773874,0.009941092789830505,998.2625171554887,-0.07018446568409782
0.12420530330889117,3983.0087770756486,0.008496060948267381,998.2575060620621,-0.09845515021506952
0.16878981001266177,3982.958056892112,0.007587037954090575,998.3089864985279,-0.03779149317146018
0.05798897775254572,3982.96930819578,0.07061085123959931,998.3164831496769,-0.033446868199136254
0.11752535360758629,3982.8516054823817,-0.007617692914263147,998.36403656607,-0.08772664413450935
0.14142639230728637,3983.017337366178,-0.057270680832884474,998.3273404973568,0.05340262919682723
0.1591944606972851,3982.862772878739,-0.010354505974370709,998.2848015728495,-0.057773311278215056
0.08280762770160835,3983.0033025644816,-0.03963862581271496,998.3913510836405,0.023350720681248285
0.1152508625876354,3982.856505652853,-0.026089731769652527,998.3631877612029,-0.0640951498821058
0.2148214053842728,3982.8625180561044,-0.012058906426518703,998.4373540538436,0.07830369406634538
0.17960635676390357,3982.9656125050747,0.09605305396528607,998.4055440953805,0.09805656632937002
0.13060047703352187,3982.9366803728335,-0.050091619682834,998.2499000246409,0.09096093116724621
0.13609744981043398,3983.0287026620927,-0.04929061166536908,998.3597079385913,-0.005237728151373647
0.1861363753392384,3983.0058686320504,-0.07657423278584803,998.3235988122328,0.0937525828578738
0.22111664925647964,3983.030427155236,-0.0641721330237538,998.4137608734891,0.04194368090092562
0.1465686157532317,3982.863381441911,0.05047920631432676,998.4475705458375,0.04717284173886166
0.06276473310880892,3982.855486369716,-0.04411384205975331,998.4420170745481,0.020687677140438315
0.16623775253526213,3983.0267905480705,0.09277468607225756,998.3440884308353,0.061375255847862936
0.0730699120930548,3982.92373766808,-0.09381593562216879,998.2537181082448,-0.004054723180799885
0.061605057514214606,3982.869107838894,0.08018413030949786,998.2914821172403,0.01850735330349193
0.18893923757367476,3982.9285607154548,0.0015050212948012065,998.2632661725058,0.05226763549540292
0.11039162388874246,3982.9040780861305,-0.003961083108199134,998.2832211201735,0.07313677362241719
0.19658492829379945,3982.837973773826,0.020341580208069615,998.4496286561783,0.051341228960847446
0.14853360480682892,3983.0120386561775,0.03705483625950129,998.4057878709259,0.04309643976386504
0.19781130705606528,3982.96519793026,-0.057860795051995664,998.2797992511604,0.09875814208489939
0.09864086934914221,3983.0210519091224,-0.013031386689058927,998.3350270793253,0.07900282021840238
0.06362785664568484,3983.0336255489597,-0.02263706654684139,998.4074299681713,-0.025598611048855663
0.22986650787931948,3982.8966033935794,-0.056013126610820856,998.3087701844274,0.09698666615111787
0.0765802760098202,3982.891513218052,-0.018840174204621446,998.3995247188433,-0.07902994779291482
0.16632877746817706,3982.8510565275433,-0.05231305793234589,998.437926399009,0.09318346424481236
0.05310184005225682,3982.8759895813414,-0.061271810035554646,998.3918532481487,0.024161827368962663
0.06436127986794139,3983.0269740471867,0.0742225480239144,998.300723769307,-0.020245849700566906
0.14644306681253477,3982.936417584986,0.018639394362513467,998.3897512008541,-0.05304134317098799
0.1342392056592561,3982.899336314437,0.03628240495709051,998.4207601217114,-0.004320978833455752
0.10192283409843936,3982.9835949074363,-0.00855420009552861,998.4416637566318,-0.0825472077085689
0.13259279989162215,3982.921865776857,-0.041522198921808244,998.3138401558699,0.03855583908982502
0.1923872081357999,3982.8970442289738,-0.08918232366260695,998.2895093270935,0.08682257756270262
0.13066146688598024,3982.864493865566,-0.0753169710507939,998.282710935991,0.021508935499544996
0.1050227063690018,3982.948038776349,-0.03971098569764282,998.374936542924,-0.09079502308465592
0.1287496186438996,3982.998389174659,0.08797416640397021,998.4250046400349,0.05346208467827043
0.17907082094325247,3982.8628552912583,-0.012528708197530963,998.4005889846926,0.08904850149625446
0.1671768259717401,3983.000426674758,0.027795886003398246,998.3076142305707,0.019970369318995138
0.2393953322313337,3982.8385958154095,-0.07289676249156513,998.4480898482498,0.006111447097215367
0.1460529731902735,3983.034485438133,-0.09740387891422984,998.4095033006649,0.05798471295216148
0.179272504619926,3983.0295231641794,-0.07795283298255734,998.3341285852682,-0.009135809095813435
0.09236721127526748,3982.9425924173775,-0.025614324806862016,998.2703536790551,-0.06611508356310714
0.06382204497949692,3982.923669482235,0.04289342778398966,998.4450397798432,0.05305361109497744
0.07559460883852576,3983.02227289212,0.0023063323836591404,998.2593873564371,0.08084964208016202
0.08964425958666472,3982.9166516867126,0.01151366916684679,998.31665202747,-0.015143706905972665
0.12417147068815863,3982.9378117207198,-0.06764199195648427,998.2610047049752,-0.07349353330308102
0.11311331202896159,3982.866979312879,-0.07091381204669589,998.2864240348441,-0.009786703748760409
0.12204882776612994,3982.854683398171,-0.07772018699637365,998.3799641943657,-0.010316423751299111
0.1648536744627112,3982.879478919261,-0.08981185886755297,998.2645629976779,0.0692734475682314
0.17990742144668023,3982.835474907751,-0.03477683747967848,998.3338638341687,-0.03597867026711435
0.1180140468756707,3982.8618583532284,-0.011903192042329341,998.3901734013184,0.09158865816806236
0.13192114581195907,3982.894886481701,0.0527602489331854,998.3073440243455,0.0013019690030646042
0.22025019634669873,3982.942986880464,0.03217592585906168,998.2561454010121,0.09570890300443352
0.15052660112549407,3982.8352710235336,0.07955798158982627,998.3590487992898,-0.04320095207904802
0.20536759697533002,3982.9849334964433,-0.013768277541352875,998.4305669223347,-0.027080990320909812
0.20940358707387696,3983.013965191589,-0.07021289910089322,998.410730609129,0.03437503378440815
0.10109544632026465,3982.993407511599,-0.09466867925241931,998.2676672257966,-0.0992549956951726
0.06652727360113148,3983.0001430208376,-0.051400434196744074,998.379497738093,-0.01699680869573912
0.08128672404378573,3982.874460032387,-0.07210680157898433,998.3302945241053,0.033514910614793
0.2346616848510308,3982.9391476391806,-0.0239486678071624,998.4294011369732,-0.05537952726521294
0.09504211761969741,3982.9457906015837,0.052335142340459606,998.3941021189398,-0.04212956502659611
0.22558629539604416,3982.903415195022,-0.057005907803914596,998.3060363930609,-0.056164852370765274
0.2042538403525018,3982.945202812361,-0.07774923258511324,998.420513439795,-0.011636364940482119
0.19902008937896326,3983.007649897098,-0.01861362721743802,998.3271157016816,0.08223933459146068
0.16826520144390672,3982.974526252695,0.09154092890723428,998.3996697809997,0.08941819946062479
0.05205085820477026,3982.902676014374,0.03554130624715551,998.392100507504,-0.08381749562855767
0.06241008251787539,3982.9425238172266,-0.0021541707171715413,998.2571633375318,0.045163405918488025
0.20480610912060657,3982.952057316261,-0.0430884528314544,998.265125624605,0.04529732728236252
0.1780788118504738,3983.028791711504,-0.03298939862221821,998.4323033528295,-0.013571421105039325
0.1324072024369542,3982.867290990676,0.06791751747294189,998.326778404202,-0.02933725028097388
0.17833903212494912,3982.9114520932926,-0.05278044847605443,998.3269442338726,-0.06638574809466552
0.21470955897957658,3982.9308853531015,-0.03841497302959838,998.3084054165251,-0.035084547012413966
0.11967338486133909,3982.982846436387,-0.013824774338657628,998.4353859345393,0.07706777925822378
0.22033828579269185,3982.8544864964365,-0.026711923900968035,998.3828472116898,0.062027448527338186
0.14270324050719496,3982.9159535617778,0.08669460689434116,998.324798412868,-0.0014330908876924592
0.17041270883606688,3982.868660550068,-0.040976807412224384,998.2816344997868,0.059956083890213785
0.20191042084014185,3982.9531889645928,0.018336855756860615,998.3953873336862,0.07446348107072362
0.16453359905364787,3982.9021486668494,-0.03771273350760743,998.2798044840325,-0.033929310743659555
0.04805241673849525,3982.89780070474,-0.04341212586593424,998.4238135617362,-0.007249399839675097
0.22802111085738588,3982.9775080803993,0.014718986736187281,998.3325181032624,0.017833046670596445
0.06513051140387058,3982.975945681435,0.014087212979896985,998.3745423073987,-0.033224991434874146
0.10554875643875422,3982.989457154995,-0.09713391188374731,998.3677564340007,0.069373935131473
0.14311327248863562,3982.8760084196424,0.017254614604445107,998.398523269796,-0.019555593723277975
0.23354453009859388,3982.8978699775553,-0.012989888849677625,998.3138721423916,-0.017485583403473434
0.22030624159784484,3982.8899672984303,-0.02985121721039795,998.3019790954088,-0.0746289724316147
0.1254147382079323,3982.9848994578583,0.05625438968507662,998.3507420516191,0.04189464305061036
0.15505435009567814,3982.860273103952,0.03737025364865565,998.4195594798024,0.07591259127047795
0.20697999187765076,3982.9735194562354,0.03524509118293237,998.3673818744456,0.09241852841667586
0.13155185270954342,3982.847104066367,0.05267725511829388,998.4293805264008,-0.011543591558429739
0.04832857073133846,3982.871618101514,0.06498769025204704,998.2537264390911,0.010423851247948604
0.21164202640322868,3982.954306256462,-0.008287730328516,998.4481149640128,0.06714730202326893
0.07550474712072455,3982.935383037599,0.03186017963373261,998.3530719877969,0.07061957161286131
0.07078574398502302,3982.895983367352,0.06987277853005303,998.3571916805682,-0.050361363064848556
0.07264069085356466,3982.874226614124,0.08475156789438243,998.3225241921576,-0.09251278415068716
0.23234718417484407,3982.930429628125,-0.08613102094065009,998.288020983585,0.004753122567359533
0.1002681908068371,3982.949946521362,0.0656223517622114,998.3900748278295,0.017456903537500706
0.21147290059813875,3982.8378208367576,-0.06763829689733178,998.4066241207145,-0.03512821020789468
0.2131676187864387,3982.873584677863,-0.06758172933676576,998.3026804536245,0.02070447106438729
0.18096717125161882,3982.8870901573546,-0.052963575591149975,998.3368642406083,0.07487481929471851
0.11333951602728151,3983.007161551066,-0.03226877307191414,998.3664359068167,0.08623475219189328
0.06385789011060554,3982.9890002103325,-0.07875666604041856,998.4067864040368,-0.03232344623986819
0.20404546013771052,3982.988066133389,-0.09467092463959262,998.2678701943539,-0.0006013075409329466
0.19921028001960953,3982.9037409379744,0.016512618825295727,998.3773326516033,-0.08922691502241305
0.20972821838720124,3982.9613331494857,-0.09233518869107205,998.3096966841777,-0.0044743781124610554
0.21223781277883413,3982.958158317025,0.08273883301238225,998.3523811135137,0.020832455578499637
0.1797300287263888,3982.9196161603245,0.007953842443725698,998.4184112235063,-0.0859236247204654
0.11670563530039235,3982.8870981107248,-0.05868089738273794,998.3961204798395,-0.07190006686649858
0.1395268362708786,3982.923144663289,0.05296930733236696,998.3791756908851,-0.09133152821444289
0.0895926799394777,3982.84775277664,0.011297001422669137,998.3934275687684,-0.03864409864216489
0.21271846766265376,3982.899903222187,0.03577335866050779,998.3592347691058,0.012131066200970222
0.14535623044299067,3982.9667665653906,-0.09085150376233604,998.362230151314,0.08686472283608249
0.16783468583756142,3982.9501301764326,0.07466237813138688,998.3744356826096,0.0001235513983128822
0.1727167292312244,3982.836471401316,0.08917019967356776,998.3710947015147,0.047452426163474865
0.06625856912206016,3983.017460737848,-0.01984678330514704,998.2728055494501,-0.07641024716827485
0.20842775681024903,3983.032176709876,0.08759166435615781,998.3936870321036,-0.09621809273753837
0.09756308974735822,3982.927307406874,0.06067421822139449,998.2655658117762,-0.0034303342596236214
